biography_id,person_id,published_display_date,updated_display_date,initial_approval_date
2,2539,August 2008,,2011-07-20 19:13:43
4,7673,August 2008,,2010-12-23 15:28:27
5,8460,August 2008,,2010-09-21 14:33:17
6,2584,December 2010,,2010-12-17 14:26:51
7,4354,September 2010,,2011-07-27 19:55:28
9,13057,August 2007,,2010-04-05 16:29:02
10,8923,August 2007,,2010-04-08 12:13:45
11,84,August 2008,,2010-04-07 15:41:22
12,8181,December 2009,,2011-01-14 13:06:49
13,8891,August 2007,,2010-12-23 15:20:42
14,5588,August 2007,,2010-09-17 14:12:55
15,6962,August 2007,,2010-04-01 11:50:46
16,7114,August 2007,,2011-02-14 11:02:47
17,8750,December 2009,,2010-03-31 18:04:26
18,4185,August 2007,,2010-12-16 15:55:15
19,9624,August 2007,,2010-12-23 14:25:01
20,9612,December 2009,,2011-01-14 13:05:06
21,4676,August 2007,,2010-12-23 14:41:29
22,4272,December 2009,,2010-12-16 15:57:30
23,8825,December 2009,,2011-01-14 13:06:03
24,494,August 2007,,2010-03-31 18:59:13
25,495,August 2007,July 2015,2010-03-31 13:13:23
26,8574,July 2011,,2011-07-08 14:56:51
27,6681,December 2010,,2010-12-23 14:13:34
28,10881,August 2007,,2011-07-19 17:52:10
29,4903,August 2007,,2010-04-05 16:25:58
30,9579,August 2007,,2010-12-17 14:18:54
31,13058,August 2007,,2010-04-07 17:42:51
32,9141,August 2007,,2010-11-23 10:56:28
33,4261,August 2008,,2011-07-14 14:57:05
34,13061,August 2008,,2010-09-15 16:35:45
35,3169,August 2008,,2010-12-23 15:25:15
37,3182,August 2008,,2011-07-05 16:34:58
38,3181,August 2008,,2010-06-03 10:07:06
39,11877,August 2008,,2010-09-21 14:30:38
40,6547,August 2008,,2010-12-23 15:18:41
41,4175,August 2008,,2010-09-17 14:21:51
42,4368,August 2008,,2011-07-20 19:05:19
43,2899,August 2008,,2011-07-06 16:40:43
44,5,August 2008,,2010-12-14 16:37:09
45,11453,August 2008,,2010-09-17 14:23:09
46,2798,August 2008,,2010-04-07 14:40:05
47,3890,August 2007,,2010-12-03 16:08:41
48,11471,August 2008,,2010-04-08 20:09:30
49,11865,August 2008,,2010-09-21 12:16:12
50,7637,August 2008,,2010-09-17 14:27:24
51,2812,August 2008,,2010-08-04 16:27:55
52,2670,August 2008,,2010-09-17 14:18:02
53,3936,August 2008,,2010-08-11 13:46:14
54,4167,August 2008,,2010-12-17 14:17:21
55,4115,August 2008,,2010-08-04 17:10:59
56,5858,August 2008,,2010-08-04 17:05:22
57,4166,August 2008,,2010-04-05 16:48:34
58,4168,August 2008,,2010-12-23 14:32:53
60,4085,August 2008,,2011-06-21 12:29:31
61,2823,August 2008,,2010-04-07 11:56:20
62,13063,August 2008,,2011-06-21 12:31:19
63,2790,August 2008,,2010-04-07 13:33:20
64,2803,August 2008,,2010-04-07 11:37:51
65,13064,August 2008,,2011-06-21 12:34:41
66,4150,August 2008,,2010-04-07 14:51:41
67,9482,August 2008,,2010-12-29 9:30:12
68,11307,August 2008,,2010-04-08 15:15:58
69,9030,August 2008,,2010-04-07 15:54:48
70,13065,August 2008,,2010-04-07 15:56:27
71,3939,August 2008,,2010-08-04 16:56:56
72,6278,August 2008,,2010-12-16 14:07:17
73,2712,August 2008,,2010-08-11 13:45:51
74,4170,August 2008,,2010-10-18 16:44:52
75,3673,August 2008,,2010-08-04 17:11:32
76,726,August 2008,,2010-04-08 9:37:30
77,4114,August 2008,,2010-08-04 17:10:39
78,3940,August 2008,,2010-08-04 17:10:07
79,2801,August 2008,,2010-09-17 14:09:24
80,3937,August 2008,,2010-04-08 12:02:39
81,4113,August 2008,,2010-08-04 17:06:08
82,3938,August 2008,,2010-12-29 9:29:30
83,4164,August 2008,,2010-08-04 16:31:30
84,4119,August 2008,,2010-04-07 17:55:56
85,2789,August 2008,,2010-12-23 15:26:01
86,6749,August 2008,,2010-09-17 14:08:27
87,2806,August 2008,,2011-07-19 18:21:36
88,6405,August 2008,,2011-07-21 19:02:58
89,2595,August 2008,,2010-11-23 11:01:33
90,11898,August 2008,,2011-02-22 12:10:07
91,10824,August 2008,,2010-11-23 11:00:47
92,10687,September 2008,,2011-02-04 16:46:15
93,11114,September 2008,,2011-06-16 12:10:21
94,12828,September 2008,,2011-02-04 16:46:57
95,3085,September 2008,,2011-02-04 16:47:44
96,6065,December 2009,,2011-02-04 16:48:05
97,10531,August 2010,,2010-12-29 9:28:52
98,7038,August 2008,,2010-12-17 14:25:38
99,6671,August 2008,,2010-09-21 14:31:44
100,3759,August 2008,,2010-12-29 9:34:53
101,6620,August 2008,,2010-04-08 10:48:55
102,6159,August 2008,,2010-04-08 9:40:15
103,10258,August 2008,,2010-09-14 14:29:07
104,3165,August 2008,,2010-12-23 15:23:39
105,3881,August 2008,,2010-09-17 14:24:12
106,7373,August 2008,,2010-04-05 17:55:43
107,6756,August 2008,,2010-09-17 13:59:55
108,13066,August 2008,,2011-07-05 16:30:00
109,7636,August 2008,,2010-04-08 13:04:21
110,3101,August 2008,,2010-04-07 14:57:33
111,3139,July 2011,,2011-07-27 16:04:59
112,3469,August 2008,,2010-04-08 12:58:23
113,6672,August 2008,,2010-11-12 10:31:53
114,8912,August 2007,,2010-09-17 14:24:52
115,1754,August 2007,,2010-09-15 16:38:16
116,8857,August 2007,,2010-09-17 14:02:51
117,4043,August 2007,,2010-12-23 14:52:35
118,9169,December 2009,October 2012,2010-04-08 9:53:25
121,10904,August 2007,,2010-12-23 15:17:43
122,303,August 2007,,2010-12-23 15:33:28
123,11117,August 2007,,2010-04-01 10:34:31
124,5999,April 2013,,2010-12-23 14:10:53
125,9121,August 2007,,2011-06-23 16:20:52
126,6205,August 2007,,2010-04-07 17:29:53
127,1108,August 2007,,2010-04-07 16:34:51
128,490,August 2007,,2010-04-08 9:31:49
129,4626,December 2009,,2010-11-23 10:57:36
130,5281,August 2007,,2010-11-23 10:56:03
131,86,August 2007,,2010-04-07 15:12:32
132,9618,August 2007,,2010-11-11 10:56:12
133,5234,August 2007,,2010-12-23 15:27:00
134,96,August 2007,,2010-04-07 15:10:36
135,9,August 2007,,2010-04-07 16:22:54
136,9297,August 2007,,2010-12-14 16:29:42
137,9372,August 2007,,2011-07-27 21:38:01
138,6653,August 2007,,2010-09-21 17:14:23
139,10301,August 2007,,2011-04-26 14:11:51
140,10815,August 2007,,2010-12-29 9:35:26
141,7429,August 2007,,2010-11-23 11:00:26
142,2916,June 2011,,2011-06-03 12:19:52
143,2919,June 2011,,2011-06-03 12:22:12
144,13026,September 2008,,2010-04-08 15:26:28
145,12521,September 2008,,2010-10-26 17:57:46
146,2915,June 2011,,2011-06-23 16:22:40
147,3006,May 2013,,2010-12-23 14:17:00
148,10083,August 2007,,2010-12-08 12:11:59
149,9688,August 2007,,2010-04-01 11:37:59
150,5717,December 2009,,2011-07-05 17:57:47
151,6285,December 2009,,2010-12-23 15:30:07
152,2733,December 2009,,2011-06-29 17:01:07
153,8752,December 2009,,2010-08-11 13:46:50
154,9990,December 2009,,2011-06-08 16:17:24
155,3866,October 2009,,2011-02-18 16:17:36
156,5461,December 2009,,2011-06-22 13:34:35
157,3121,August 2007,,2010-12-23 15:22:20
158,8472,August 2007,,2010-12-23 15:22:53
159,3125,October 2009,,2010-09-17 14:19:19
160,12883,August 2007,July 2015,2010-03-31 15:20:48
161,6746,December 2009,,2011-02-16 17:15:21
162,3744,September 2008,,2010-04-05 16:55:47
163,9839,October 2009,,2011-05-04 10:34:28
164,2683,December 2009,,2011-07-05 15:38:27
165,13067,November 2009,,2010-04-05 16:50:43
166,13068,November 2009,,2011-06-23 16:33:37
167,13069,November 2009,,2010-04-08 10:16:27
168,13070,November 2009,,2010-04-08 10:30:55
169,13071,November 2009,,2010-04-08 10:14:05
170,10315,August 2007,,2011-07-27 22:41:49
171,13072,December 2009,,2010-04-08 13:50:06
172,8027,August 2007,,2011-06-16 11:55:14
173,6489,December 2009,,2010-12-23 14:48:03
174,3175,December 2009,,2010-04-08 16:11:01
175,2799,August 2008,,2010-09-17 14:10:09
176,1722,August 2007,,2010-04-07 15:14:15
177,5786,December 2009,,2010-12-23 14:53:27
178,11141,November 2009,,2010-04-08 14:16:53
179,1981,December 2009,,2010-04-07 14:59:34
180,6452,December 2009,,2010-12-23 14:45:24
181,2774,May 2014,,2010-12-23 14:47:18
182,5615,December 2009,,2010-09-21 17:24:54
183,4349,December 2009,,2010-04-07 16:39:19
184,3168,December 2009,,2011-07-20 20:43:33
185,4630,December 2009,,2010-12-23 15:32:53
186,4632,December 2009,,2010-04-08 15:57:37
187,13073,December 2009,July 2015,2010-04-05 17:57:58
188,9634,December 2009,,2011-02-03 16:41:22
189,10536,December 2009,,2010-12-01 13:10:40
190,9126,December 2009,,2011-04-15 11:55:02
191,2051,January 2010,,2011-06-22 15:51:40
192,2137,January 2010,,2011-07-19 18:04:44
193,11352,January 2010,,2010-10-29 13:51:19
194,2491,January 2010,,2010-12-23 15:10:53
195,10683,February 2010,,2011-06-23 16:52:53
196,4425,February 2010,,2010-12-23 10:41:45
197,13074,February 2010,,2010-04-08 15:14:20
198,4291,February 2010,,2011-02-17 11:13:30
199,2280,February 2010,,2010-11-12 10:29:38
200,13075,February 2010,,2010-04-07 17:47:36
201,13076,February 2010,,2010-04-07 11:59:45
202,2891,February 2010,,2011-06-23 16:13:01
203,9646,August 2008,,2010-04-05 14:30:02
204,13077,August 2007,,2010-04-07 13:42:13
205,6735,February 2010,,2010-12-23 14:05:40
206,13078,February 2010,,2010-04-08 12:49:48
207,4267,February 2010,,2011-07-06 10:10:45
208,11909,February 2010,,2010-12-23 14:28:18
209,11942,February 2010,,2010-12-23 14:54:04
210,8637,March 2010,,2010-04-08 11:41:05
211,4352,March 2010,,2010-03-31 18:09:25
212,3028,March 2010,,2010-04-07 16:02:09
213,8361,March 2010,,2010-04-07 13:36:31
214,4350,March 2010,,2010-04-08 15:41:54
215,4348,March 2010,,2010-04-08 12:46:48
216,11986,March 2010,,2010-12-23 15:13:12
217,11441,March 2010,,2010-03-12 14:22:14
218,11462,March 2010,,2010-04-08 15:50:35
219,3141,March 2010,,2011-01-19 12:15:01
220,12096,March 2010,,2011-02-14 10:43:45
221,2980,March 2010,,2010-04-07 10:04:00
223,5644,April 2010,,2010-09-17 14:01:05
224,3178,April 2010,,2011-07-20 19:17:30
225,2387,April 2010,,2010-12-14 16:43:04
226,1898,April 2010,,2010-12-23 14:03:09
227,2338,April 2010,,2010-04-19 14:38:22
228,2340,July 2014,,2010-05-06 16:17:32
229,13079,April 2010,,2010-12-23 15:27:43
230,13080,April 2010,,2011-02-14 10:38:15
231,13081,April 2010,,2011-02-14 10:38:34
232,13082,April 2010,,2010-04-19 15:37:23
233,13083,September 2017,,2010-04-19 15:37:23
234,13084,February 2011,,2011-02-14 10:44:28
235,2948,August 2010,,2010-12-29 9:38:31
236,5457,April 2010,,2011-05-02 11:31:08
237,7164,August 2007,,2011-05-06 12:19:16
238,6373,April 2010,,2010-05-13 16:40:24
240,6770,April 2010,,2010-05-13 16:41:26
241,6257,January 2015,,2010-09-17 14:01:50
242,8076,April 2010,,2010-12-01 12:38:45
244,8675,April 2010,,2010-12-23 14:34:57
245,9254,April 2010,,2010-04-29 14:23:15
246,4002,April 2010,,2011-07-05 14:50:53
247,8101,April 2010,,2010-12-01 12:45:42
248,1726,April 2010,,2010-05-13 10:01:24
249,6367,April 2010,,2010-04-30 15:34:24
250,2104,April 2010,,2010-12-23 14:54:58
251,5750,April 2010,,2010-12-23 14:51:39
252,11565,May 2010,,2011-06-23 15:59:35
253,9788,May 2010,,2010-05-13 9:56:22
254,5555,May 2010,,2010-05-13 9:58:09
255,2866,May 2010,,2011-06-23 17:07:45
256,9789,May 2010,,2010-05-12 16:01:36
257,13086,July 2020,,2011-06-23 16:01:06
258,6251,May 2010,,2010-12-14 12:00:17
259,5437,May 2010,,2010-05-12 17:42:38
260,6723,May 2010,,2010-05-13 10:02:04
261,9590,May 2010,,2010-12-23 14:12:48
262,13087,May 2010,,2011-03-02 15:16:51
263,13088,September 2017,,2011-02-14 10:43:13
264,8103,May 2010,,2011-03-16 14:15:57
265,11597,May 2010,,2010-12-13 12:07:28
266,3883,May 2010,,2010-12-23 14:31:43
267,1985,May 2010,,2010-12-14 16:24:14
268,6793,May 2010,,2010-07-19 14:45:02
269,13089,May 2010,,2011-02-14 10:39:08
270,4660,"May, 2010",,2011-06-23 16:31:36
271,1963,June 2010,,2010-12-23 14:15:21
272,1820,June 2010,,2010-12-14 12:10:32
273,13090,June 2010,,2011-02-14 10:44:09
274,13091,December 2017,,2011-02-14 10:39:37
275,5626,December 2010,,2010-12-01 12:49:42
276,7024,June 2010,,2010-06-11 16:58:31
277,2203,June 2010,,2011-03-02 15:06:37
278,5406,June 2010,,2010-07-06 15:21:59
279,5753,June 2010,,2010-06-14 14:38:14
280,5401,June 2010,,2010-06-25 13:34:47
281,13092,June 2010,,2011-01-07 12:08:59
282,6690,June 2010,,2011-06-22 16:01:34
283,6340,June 2010,,2010-11-12 10:38:07
284,3778,June 2010,,2010-11-12 10:38:20
285,7370,June 2010,,2010-06-23 15:45:22
286,5408,July 2014,,2010-07-06 16:48:52
287,7512,July 2014,,2010-09-09 15:39:25
288,2462,June 2010,,2010-11-12 10:38:46
289,3782,June 2010,,2010-12-29 9:31:09
290,2328,June 2010,,2010-11-12 10:38:32
291,3783,June 2010,,2010-11-12 10:39:35
292,3784,June 2010,,2010-12-01 12:44:03
293,3785,June 2010,,2011-06-16 12:04:31
294,6100,July 2010,,2010-12-14 16:46:55
295,1029,July 2010,,2011-07-19 18:17:26
296,1035,July 2010,,2010-07-06 16:45:10
297,7053,July 2010,,2011-06-30 15:48:40
298,13093,July 2010,,2011-02-14 10:42:32
299,3786,June 2010,,2011-03-23 15:59:32
300,4217,July 2010,,2010-12-23 14:08:39
301,3788,July 2010,,2011-03-11 10:22:52
302,3789,July 2010,,2011-03-11 10:23:10
303,3791,July 2010,,2011-03-11 10:23:36
304,3792,July 2010,,2011-07-05 14:21:14
305,3793,July 2010,,2011-03-11 10:24:11
306,10507,July 2010,,2010-12-23 10:44:35
307,3795,July 2010,,2011-07-05 14:21:14
308,3794,July 2010,,2011-03-11 10:24:27
309,4219,July 2010,,2010-12-23 14:15:57
310,11618,July 2010,,2010-07-30 10:51:43
311,5137,July 2010,,2010-07-30 10:52:02
312,8868,August 2010,,2010-08-02 16:49:40
313,10528,August 2010,,2010-12-14 12:09:37
314,4220,August 2010,,2010-12-23 14:14:17
315,13095,July 2010,,2010-08-09 17:14:47
316,13097,July 2010,,2010-12-23 14:25:30
317,13094,July 2010,,2011-07-05 14:21:14
318,13098,July 2010,,2011-07-05 14:44:23
319,13099,July 2010,,2010-08-09 17:14:52
320,13100,July 2010,,2010-08-09 17:14:53
321,13101,July 2010,,2011-07-05 14:21:14
322,13096,July 2010,,2011-07-05 14:21:14
323,8116,August 2010,,2010-08-11 12:03:52
324,13102,August 2010,,2010-12-14 16:37:47
325,13103,August 2010,,2010-08-11 12:03:55
326,13104,August 2010,,2010-08-11 12:03:56
327,13105,September 2017,,2011-06-07 17:16:43
328,9750,August 2010,,2010-08-13 11:50:17
329,13106,August 2010,,2010-08-13 11:50:18
330,13107,August 2010,,2010-08-13 11:50:19
331,9095,August 2010,,2010-12-03 11:51:33
332,13108,August 2010,,2010-08-27 15:59:57
333,13109,August 2010,,2010-08-27 15:59:58
334,13110,August 2010,,2010-08-27 15:59:59
335,4285,August 2010,,2010-08-27 16:05:11
336,29,August 2010,,2011-07-05 14:21:14
337,2598,September 2010,,2010-09-03 15:07:38
338,2591,September 2010,,2010-09-03 11:25:10
339,2638,September 2010,,2010-09-03 13:42:29
340,2593,September 2010,,2010-09-21 17:15:17
341,3274,August 2010,,2011-06-14 14:00:21
342,2592,August 2010,,2010-12-23 14:19:40
343,2329,August 2010,,2011-07-05 14:21:14
344,4631,August 2010,,2010-09-13 16:27:14
345,3414,September 2010,,2011-06-14 14:18:07
346,6726,September 2010,,2011-07-05 15:02:34
347,5817,September 2010,,2010-09-21 17:23:51
348,4402,August 2010,,2010-10-13 17:04:25
349,13111,August 2010,,2010-09-17 14:56:59
350,4669,August 2010,,2011-06-16 11:58:28
351,10794,August 2010,,2010-12-03 11:58:07
352,7093,August 2010,,2011-07-05 11:01:19
353,6953,August 2010,,2011-07-05 10:58:16
354,5818,September 2010,,2010-09-21 17:18:35
355,5819,September 2010,,2010-09-21 17:16:27
356,2912,September 2010,,2010-12-03 12:19:20
357,4535,September 2010,,2011-07-05 14:21:14
358,3877,September 2010,,2011-07-05 15:00:03
359,7622,September 2010,,2010-12-29 9:33:59
360,11572,September 2010,,2010-09-23 16:46:19
361,7240,September 2010,,2011-07-05 14:21:14
362,13112,August 2010,,2010-10-13 17:06:33
363,6286,September 2010,,2010-12-03 13:57:47
364,6219,September 2010,,2011-07-05 14:21:14
365,6910,September 2010,,2011-07-05 14:21:14
366,6997,September 2010,,2011-07-05 14:21:14
367,1637,September 2010,,2011-07-05 14:21:14
368,5480,September 2010,,2011-07-05 14:21:14
369,6175,October 2010,,2011-07-05 15:05:06
370,8099,September 2010,,2011-07-05 14:21:14
371,7230,September 2010,,2011-07-05 14:21:14
372,3743,September 2010,,2011-07-05 14:21:14
373,5953,September 2010,,2011-07-05 14:21:14
374,12817,September 2010,,2011-07-05 14:21:14
375,2871,September 2010,,2011-07-05 14:21:14
376,8086,September 2010,,2010-12-03 14:13:53
377,1586,September 2010,,2011-07-05 14:21:14
378,8342,September 2010,,2010-10-19 17:10:30
379,13113,August 2010,,2010-10-20 10:16:16
380,6872,September 2010,,2011-07-05 14:21:14
381,5432,September 2010,,2011-07-05 14:21:14
382,7083,September 2010,,2010-12-03 14:16:45
383,5777,September 2010,,2011-07-05 14:21:14
384,8106,September 2010,,2011-07-05 14:21:14
385,9795,September 2010,,2011-07-05 14:21:14
386,4730,October 2010,,2011-07-19 18:13:41
387,4611,September 2007,,2010-10-26 15:00:52
388,3040,October 2010,,2011-06-23 16:22:12
389,5511,October 2010,,2010-12-01 12:55:22
390,4092,October 2010,,2011-07-05 14:21:14
391,4265,October 2010,,2011-07-05 14:21:14
392,8105,October 2010,,2011-07-05 14:21:14
393,7107,October 2010,April 2011,2011-05-17 14:50:00
394,7803,November 2010,,2010-11-04 14:14:43
395,6110,October 2010,,2010-11-04 16:44:54
396,7879,October 2010,,2011-07-05 10:53:47
397,8128,October 2010,,2010-11-04 16:42:03
398,2523,October 2010,,2011-07-05 14:21:14
399,4276,October 2010,,2011-07-05 14:21:14
400,5899,October 2010,,2010-11-08 15:54:02
401,3225,October 2010,,2010-11-08 15:54:03
402,2814,October 2010,,2011-07-05 14:21:14
403,2952,October 2010,,2011-07-05 14:21:14
404,3008,October 2010,,2011-03-22 16:11:22
405,5902,October 2010,,2011-07-05 14:21:14
406,2816,October 2010,,2011-07-05 14:55:19
407,8097,October 2010,,2010-12-03 14:18:16
408,8107,October 2010,,2011-07-05 11:54:46
409,6466,October 2010,,2011-07-05 14:21:14
410,2442,November 2010,,2011-07-05 14:21:14
411,5729,November 2010,,2011-07-05 14:21:14
412,6586,November 2010,,2010-12-03 16:34:30
413,1728,November 2010,,2010-12-14 17:00:52
414,6587,November 2010,,2010-12-03 16:34:31
415,8108,November 2010,,2011-07-05 14:21:14
416,6648,December 2010,,2011-07-05 14:21:14
417,2327,December 2010,,2010-12-08 16:54:06
418,8109,December 2010,,2011-07-05 14:21:14
419,2872,December 2010,,2011-07-05 14:21:14
420,5706,December 2010,,2010-12-08 16:54:11
421,5796,December 2010,,2011-03-23 15:58:55
422,4487,December 2010,,2010-12-16 16:37:08
423,4488,December 2010,,2011-07-12 13:28:57
424,4489,December 2010,,2011-07-05 14:53:17
425,3173,December 2010,,2011-07-05 14:21:14
426,4490,December 2010,,2011-07-05 14:21:14
427,6536,December 2010,,2011-07-05 14:21:14
428,6535,December 2010,,2010-12-23 16:12:44
429,3171,January 2011,,2011-07-05 14:47:18
430,4492,January 2011,,2011-07-05 14:21:14
431,6526,January 2011,,2011-01-04 14:51:53
432,4493,January 2011,,2011-03-16 14:16:24
433,4494,January 2011,,2011-06-16 12:12:04
434,4495,January 2011,,2011-07-05 14:21:14
435,4496,January 2011,,2011-07-05 14:21:14
436,4497,January 2011,,2011-01-06 14:16:47
437,4498,January 2011,,2011-07-05 14:21:14
438,5652,January 2011,,2011-07-05 14:21:14
439,4499,January 2011,,2011-07-05 14:21:14
440,4500,January 2011,,2011-07-05 14:21:14
441,7937,January 2011,,2011-01-06 16:32:59
442,5360,January 2011,,2011-07-05 14:21:14
443,13115,January 2011,,2011-02-14 10:42:09
444,9523,January 2011,,2011-01-12 12:51:33
445,2238,January 2011,,2011-07-05 14:21:14
446,6818,January 2011,,2011-07-19 17:50:35
447,2237,January 2011,,2011-01-12 12:51:36
448,2235,January 2011,,2011-01-12 12:51:37
449,4501,January 2011,,2011-07-05 14:21:14
450,5901,January 2011,,2011-07-05 14:21:14
451,5415,January 2011,,2011-07-05 14:21:14
452,5381,January 2011,,2011-07-05 14:21:14
453,5932,December 2010,,2011-07-05 14:21:14
454,5371,January 2011,,2011-07-05 14:21:14
455,5317,January 2011,,2011-01-19 16:39:06
456,2819,January 2011,,2011-02-15 15:02:54
457,5485,January 2011,,2011-02-15 14:58:06
458,6646,January 2011,,2011-07-07 16:15:15
459,6979,February 2011,,2011-07-19 16:41:16
460,7182,February 2011,,2011-03-16 14:15:33
461,11131,February 2011,,2011-02-03 14:30:42
462,6498,February 2011,,2011-07-05 14:21:14
463,9059,February 2011,,2011-07-05 14:21:14
464,9058,February 2011,,2011-07-05 14:21:14
465,9057,February 2011,,2011-07-05 14:21:14
466,9055,February 2011,,2011-07-05 14:21:14
467,4469,February 2011,,2011-02-04 16:48:26
468,6738,February 2011,,2011-02-03 16:36:48
469,4206,February 2011,,2011-07-05 14:21:14
470,4277,February 2011,,2011-07-05 14:21:14
471,4278,February 2011,,2011-07-05 14:21:14
472,4279,February 2011,,2011-07-05 14:21:14
473,4280,February 2011,,2011-07-05 14:21:14
474,4282,February 2011,,2011-03-16 14:10:28
475,6978,February 2011,,2011-03-16 14:10:09
476,13116,February 2011,,2011-02-17 17:37:43
477,13117,December 2017,,2011-02-17 17:37:45
478,13118,February 2011,,2011-02-17 17:37:46
479,10497,February 2011,,2011-02-18 13:53:00
480,13119,December 2017,,2011-02-22 13:19:53
481,13120,February 2011,,2011-02-28 17:01:35
482,13121,February 2011,,2011-07-05 14:21:14
483,10442,February 2011,,2011-02-28 17:01:39
484,13122,February 2011,,2011-07-05 11:42:09
485,13123,February 2011,,2011-07-05 14:21:14
486,13124,June 2021,,2011-02-28 17:01:43
487,13125,February 2011,,2011-02-28 17:01:44
488,13126,February 2011,,2011-07-05 14:21:14
489,13127,February 2011,,2011-02-28 17:01:46
490,13128,February 2011,,2011-02-28 17:04:27
491,13129,March 2011,,2011-03-02 17:12:52
492,2589,March 2011,,2011-07-05 14:56:36
493,10573,March 2011,,2011-03-18 13:48:54
494,2456,March 2011,,2011-07-05 14:21:14
495,9056,March 2011,,2011-07-05 14:21:14
496,2510,March 2011,,2011-07-22 19:51:32
497,13131,March 2011,,2011-03-11 16:59:49
498,2232,March 2011,,2011-03-15 14:46:54
499,2781,March 2011,,2011-03-18 13:38:13
500,2780,March 2011,,2011-04-07 14:00:47
501,7870,March 2011,,2011-07-05 14:21:14
502,9049,March 2011,,2011-07-05 14:21:14
503,9050,March 2011,,2011-07-05 14:21:14
504,9051,March 2011,,2011-07-05 14:21:14
505,9053,March 2011,,2011-07-05 14:21:14
506,7743,March 2011,,2011-07-05 14:21:14
507,4642,April 2011,,2011-07-05 15:06:07
508,2787,April 2011,,2011-07-05 14:21:14
509,13132,March 2011,,2011-04-11 11:30:58
510,1871,April 2011,,2011-04-11 14:42:07
511,7152,April 2011,,2011-04-13 15:53:55
512,10654,April 2011,,2011-04-13 15:53:56
513,10656,April 2011,,2011-04-13 15:53:57
514,10649,April 2011,,2011-04-13 15:53:58
515,10659,April 2011,,2011-04-13 15:53:59
516,10658,April 2011,,2011-04-13 15:54:00
517,10572,April 2011,,2011-04-13 15:54:01
518,3889,April 2011,April 2012,2011-05-18 14:13:51
519,7918,April 2011,,2011-04-14 15:17:18
520,7676,April 2011,,2011-05-06 15:43:05
521,8355,April 2011,,2011-04-14 15:17:20
522,7644,April 2011,,2011-04-19 13:42:15
523,4379,April 2011,,2011-06-21 14:44:31
524,13133,April 2011,,2011-04-14 15:17:23
525,8028,April 2011,,2011-04-14 16:42:42
526,4372,April 2011,,2011-04-27 16:56:04
527,7895,April 2011,,2011-04-14 16:42:44
528,8343,April 2011,,2011-04-14 16:46:06
529,2949,April 2011,,2011-04-19 11:10:54
530,2788,April 2011,,2011-04-22 11:18:40
531,4665,April 2011,,2011-04-22 11:18:41
532,7736,April 2011,,2011-04-25 16:41:23
533,10571,April 2011,,2011-05-10 16:40:52
534,13134,April 2011,,2011-04-25 16:41:25
535,4028,April 2011,,2011-04-25 16:41:26
536,2776,April 2011,,2011-07-06 16:33:16
537,2436,April 2011,,2011-04-28 18:17:22
538,3074,April 2011,,2011-04-28 12:06:47
539,5426,April 2011,,2011-04-28 12:06:48
540,3000,April 2011,,2011-05-02 13:21:05
541,6505,April 2011,,2011-04-29 10:22:14
542,2180,April 2011,,2011-05-04 12:34:40
543,6548,April 2011,,2011-05-04 12:16:55
544,9753,April 2011,,2011-05-18 17:16:28
545,13135,March 2011,,2011-05-05 12:14:34
546,3977,April 2011,April 2012,2011-05-18 14:15:05
547,6493,April 2011,,2011-07-05 10:46:30
548,5436,April 2011,,2011-05-19 11:46:03
549,7815,May 2011,,2011-05-23 12:27:44
550,8782,May 2011,,2011-05-23 12:27:45
551,7601,May 2011,,2011-05-23 17:10:35
552,10372,May 2011,,2011-05-23 17:10:36
553,10482,May 2011,,2011-05-23 17:10:38
554,10311,May 2011,,2011-05-23 17:10:39
555,4727,May 2011,,2011-07-05 14:21:14
556,3086,April 2011,,2011-07-05 14:21:14
557,6529,April 2011,,2011-05-26 15:03:27
558,13139,June 2011,,2011-06-09 9:51:57
559,4309,June 2011,,2011-06-09 14:34:52
560,10591,June 2011,,2011-06-14 13:41:35
561,2926,June 2011,,2011-06-14 13:41:36
562,5410,June 2011,,2011-06-14 13:41:37
563,4524,June 2011,,2011-06-14 13:41:39
564,6634,June 2011,,2011-06-14 13:41:40
565,5490,June 2011,,2011-06-14 13:41:42
566,2521,June 2011,,2011-06-14 13:41:43
567,13140,June 2011,,2011-06-17 10:54:59
568,8571,June 2011,,2011-06-23 16:35:26
569,9923,June 2011,,2011-06-21 12:17:00
570,8177,March 2011,,2011-06-23 11:00:28
571,7719,March 2011,,2011-06-22 11:17:05
572,10171,March 2011,,2011-06-22 11:17:06
573,8539,April 2011,,2011-06-22 11:17:07
574,8580,April 2011,,2011-07-27 22:24:45
575,9201,June 2011,,2011-07-05 15:39:43
576,2996,June 2011,,2011-07-05 14:21:14
577,4000,June 2011,,2011-06-30 12:32:41
578,7064,July 2011,,2011-07-05 15:22:57
579,10892,July 2011,,2011-07-13 11:13:07
580,6214,July 2011,,2011-07-06 16:26:58
581,5500,July 2011,,2011-07-11 11:34:42
582,10199,July 2011,,2011-07-26 18:12:48
583,2810,July 2011,,2011-07-27 16:25:58
584,8562,July 2011,,2011-07-28 15:38:51
585,8609,July 2011,,2011-07-28 15:38:53
586,8610,July 2011,,2011-07-28 15:38:54
587,8563,July 2011,,2011-07-29 16:44:04
588,8575,July 2011,,2011-07-29 16:44:05
589,1908,July 2011,,2011-07-29 19:00:44
590,13141,July 2011,,2011-07-29 22:48:50
591,3200,August 2011,,2011-08-02 17:58:03
592,8549,July 2011,,2011-08-02 22:15:32
593,8612,August 2011,,2011-08-03 18:40:56
594,3211,August 2011,June 2015,2011-08-04 21:51:52
596,12547,January 2021,,2011-08-04 21:51:55
597,3153,August 2011,,2011-08-05 16:52:54
598,9190,August 2011,,2011-08-25 22:18:39
599,8986,August 2011,,2011-09-01 18:21:49
600,13142,August 2011,,2011-09-01 19:11:33
601,13143,August 2011,,2011-09-01 19:11:34
603,13145,August 2011,,2011-09-01 20:28:52
604,13146,August 2011,,2011-09-01 20:28:53
605,4478,September 2011,,2011-09-01 20:42:59
606,8538,September 2011,,2011-09-07 20:03:38
607,3020,August 2011,,2011-09-15 23:53:36
608,10832,August 2011,,2011-09-16 23:25:34
609,9383,August 2011,,2011-09-20 21:46:16
610,10068,August 2011,,2011-09-23 22:52:21
611,8578,August 2011,,2011-09-27 22:06:50
612,10828,August 2011,,2011-10-01 1:54:29
613,4077,October 2011,,2011-10-19 2:50:16
614,2931,October 2012,,2011-10-19 2:50:18
615,2495,October 2011,,2011-10-19 2:50:22
616,4196,October 2011,,2011-10-19 2:50:19
617,2409,October 2011,,2011-10-19 2:50:20
618,7874,October 2011,,2011-10-22 0:11:24
619,8397,October 2011,,2011-10-22 3:37:48
620,13147,October 2011,,2011-10-25 15:16:18
621,4259,November 2011,,2011-10-28 19:07:36
622,4141,November 2011,,2011-10-31 20:04:38
623,4314,November 2011,,2011-11-02 20:12:41
624,2661,November 2011,,2011-11-04 15:29:00
625,4140,November 2011,,2011-11-10 20:25:17
626,2740,November 2011,,2011-11-11 16:44:23
627,7130,November 2011,,2011-11-30 23:39:21
628,11258,November 2011,,2011-12-02 19:56:49
629,8964,December 2011,,2011-12-13 18:00:05
630,6856,December 2011,,2011-12-15 19:31:17
631,2118,December 2011,,2011-12-15 21:49:50
632,10673,December 2011,,2011-12-15 21:49:51
633,10678,December 2011,,2011-12-15 21:49:52
634,8618,December 2011,,2011-12-15 21:49:54
635,10676,December 2011,,2011-12-15 21:49:55
636,8631,December 2011,,2011-12-21 17:56:59
637,8551,December 2011,,2011-12-21 17:57:01
638,8630,December 2011,,2011-12-21 17:57:02
639,8566,December 2011,,2011-12-21 17:57:03
640,8629,December 2011,,2011-12-21 17:57:05
641,8543,December 2011,,2011-12-21 18:17:33
642,8596,December 2011,,2011-12-22 20:44:40
643,8617,December 2011,,2011-12-22 20:44:42
644,8603,December 2011,,2011-12-22 20:44:43
645,8584,December 2011,,2011-12-22 20:44:44
646,8616,December 2011,,2011-12-22 20:44:46
647,13148,December 2011,,2011-12-23 18:52:47
648,13149,December 2011,,2011-12-23 18:52:49
649,11432,December 2011,,2011-12-23 18:52:50
650,13150,December 2011,,2011-12-23 18:52:51
651,10827,December 2011,,2011-12-27 22:27:26
652,4986,December 2011,,2011-12-27 22:27:28
653,4987,December 2011,,2011-12-27 22:27:29
654,13151,December 2011,,2011-12-27 22:27:30
655,13152,December 2011,,2011-12-27 22:27:32
656,4659,December 2011,,2011-12-28 21:32:20
657,9601,December 2011,,2011-12-28 21:32:22
658,9062,January 2012,,2012-01-12 22:15:29
659,10413,January 2012,,2012-01-13 17:10:54
660,7442,June 2014,June 2015,2012-02-03 17:31:35
661,5871,March 2012,,2012-03-12 17:43:00
662,8625,March 2012,,2012-03-20 19:06:25
663,13157,March 2012,,2012-03-20 19:06:08
664,8567,March 2012,,2012-03-20 19:06:17
665,9985,March 2012,,2012-03-26 17:25:12
666,10580,February 2012,,2012-07-31 15:49:09
668,2784,April 2012,,2012-04-19 17:37:04
669,9712,April 2012,,2012-04-19 17:37:06
670,8633,May 2012,,2012-05-01 23:42:13
671,8585,May 2012,,2012-05-01 23:42:15
672,8600,May 2012,,2012-05-01 23:42:17
673,8583,May 2012,,2012-05-01 23:42:19
674,8624,May 2012,,2012-05-01 23:42:21
676,13163,May 2012,,2012-05-07 19:32:50
677,13162,May 2012,,2012-05-07 19:32:53
678,10422,May 2012,,2012-05-07 19:32:52
679,9546,May 2012,,2012-05-07 19:32:49
680,13164,June 2012,,2012-06-04 18:50:56
681,13165,June 2012,,2012-06-04 18:50:59
682,6670,June 2012,,2012-06-26 20:49:17
683,6667,June 2012,,2012-06-26 20:49:19
684,3062,June 2012,,2012-06-26 20:49:21
685,3061,June 2012,,2012-06-26 20:49:22
686,8860,June 2012,,2012-06-26 20:49:23
687,2527,June 2012,,2012-06-26 20:49:25
688,8861,June 2012,,2012-06-26 20:49:26
689,5791,July 2012,,2012-07-19 19:28:53
690,10412,July 2012,,2012-07-19 19:28:55
691,9213,July 2012,,2012-07-19 19:28:56
692,2506,"July, 2012",,2012-07-19 19:28:58
693,2758,July 2012,,2012-07-19 19:28:59
694,2943,July 2012,,2012-07-19 19:29:01
695,9525,July 2012,,2012-07-26 16:44:10
696,3758,July 2012,,2012-07-26 16:44:12
697,1930,July 2012,,2012-07-26 16:44:14
698,10452,July 2012,,2012-07-26 16:44:15
699,10462,July 2012,,2012-07-26 16:44:16
700,10470,July 2012,,2012-07-26 16:44:17
701,5164,July 2012,,2012-07-31 15:49:11
702,9884,July 2012,,2012-07-31 15:49:12
703,5166,July 2012,,2012-07-31 15:49:14
704,8536,July 2012,,2012-07-31 15:49:15
705,11487,July 2012,,2012-07-31 15:49:16
706,11488,July 2012,,2012-07-31 15:49:18
707,11491,July 2012,,2012-07-31 15:49:19
708,11426,July 2012,,2012-07-31 15:49:20
709,11489,July 2012,,2012-07-31 15:49:47
710,11866,August 2012,,2012-08-16 18:22:36
711,9355,August 2012,,2012-08-16 18:22:38
712,3712,September 2012,,2012-09-05 15:29:53
713,3708,September 2012,,2012-09-05 15:29:55
714,1575,September 2012,,2012-09-05 15:29:57
715,9873,September 2012,,2012-09-05 15:30:20
716,2755,September 2012,,2012-09-05 15:29:58
717,3134,September 2012,,2012-09-05 15:30:03
718,3730,September 2012,,2012-09-05 15:30:05
719,3733,September 2012,,2012-09-05 15:30:09
720,6419,September 2012,,2012-09-05 15:30:10
721,3734,September 2012,,2012-09-05 15:30:12
722,3735,September 2012,,2012-09-05 15:30:13
723,3738,September 2012,,2012-09-05 15:30:15
724,3739,September 2012,,2012-09-05 15:30:19
725,13166,September 2012,,2012-09-05 15:30:22
726,13167,September 2012,,2012-09-05 15:30:23
727,9593,September 2012,,2012-09-18 15:56:06
728,13169,September 2012,,2012-09-18 15:56:08
729,13170,September 2012,,2012-09-18 15:56:09
730,11490,September 2012,,2012-09-18 15:56:11
731,9622,September 2012,,2012-09-18 15:56:12
732,2845,September 2012,,2012-09-18 15:56:14
733,11883,September 2012,,2012-09-18 15:56:15
734,13171,September 2012,,2012-09-18 17:27:16
735,13173,September 2012,,2012-09-18 19:18:15
736,11444,October 2012,,2012-10-16 15:51:41
737,10373,January 2018,,2012-10-16 21:55:37
738,5041,October 2012,,2012-10-17 18:11:40
739,5044,October 2012,,2012-10-17 18:11:46
740,11445,October 2012,,2012-10-17 18:11:49
741,13174,October 2012,,2012-10-17 18:11:52
742,4125,October 2012,,2012-10-17 18:11:57
743,4221,October 2012,,2012-10-17 18:12:00
744,4222,October 2012,,2012-10-17 18:12:02
745,4223,October 2012,,2012-10-17 18:12:04
750,4228,January 2013,,2012-10-22 20:12:49
751,5897,August 2012,,2012-10-26 21:46:02
752,5479,October 2012,,2012-10-26 21:46:04
753,5889,October 2012,,2012-10-26 21:46:05
754,8069,October 2012,,2012-10-26 21:46:07
755,7105,October 2012,,2012-10-26 21:46:08
756,6731,October 2012,,2012-10-26 21:46:10
757,6622,October 2012,,2012-10-26 21:46:11
758,6760,October 2012,,2012-10-26 21:46:13
759,4607,October 2012,,2012-10-26 21:46:14
760,8184,October 2012,,2012-10-26 21:46:16
761,4720,October 2012,,2012-10-26 21:46:17
762,3769,October 2012,,2012-10-26 21:46:19
763,6025,October 2012,,2012-10-26 21:46:20
764,5910,October 2012,,2012-10-26 21:46:22
765,3080,October 2012,,2012-10-26 21:46:23
766,2974,October 2012,,2012-10-26 21:46:24
772,11435,January 2013,,2013-01-07 21:01:00
773,9588,January 2013,,2013-01-07 21:01:02
774,10093,January 2013,,2013-01-14 18:22:07
775,5801,January 2013,,2013-01-14 18:22:10
776,2662,January 2013,,2013-01-15 17:34:54
777,3753,January 2013,,2013-01-15 17:34:56
778,3064,January 2013,,2013-01-15 21:10:12
779,13175,January 2013,,2013-01-15 21:10:14
780,6099,January 2013,,2013-01-15 21:10:15
781,3296,January 2013,,2013-01-15 21:10:16
782,13176,January 2013,,2013-01-15 21:10:18
783,13177,January 2013,,2013-01-15 21:10:19
784,6045,January 2013,,2013-01-16 17:18:00
785,7170,January 2013,,2013-01-16 17:18:03
786,7171,January 2013,,2013-01-16 17:18:04
787,7172,January 2013,,2013-01-16 17:18:05
788,11443,August 2012,,2013-02-20 17:31:25
789,7559,August 2012,,2013-02-20 17:31:26
790,12906,August 2012,,2013-02-20 17:31:28
791,13178,February 2013,,2013-02-20 17:31:30
792,5048,February 2013,,2013-02-25 18:44:59
793,5078,February 2013,,2013-02-25 18:45:02
794,5024,February 2013,,2013-02-25 18:45:03
795,9589,February 2013,,2013-02-25 18:45:06
796,9203,February 2013,,2013-02-25 18:45:08
797,1852,February 2013,,2013-02-26 22:12:27
798,2392,February 2013,,2013-02-26 22:12:26
799,2399,February 2013,,2013-02-26 22:12:24
800,13179,February 2013,,2013-02-26 22:12:29
801,2393,February 2013,,2013-02-26 22:12:30
802,13180,February 2013,,2013-02-27 15:44:05
803,3307,May 2013,,2013-02-27 16:12:07
804,10169,March 2013,,2013-03-15 18:12:33
805,2441,March 2013,,2013-03-15 18:12:36
806,6037,March 2013,,2013-03-15 18:12:38
807,7945,March 2013,,2013-03-15 18:12:39
808,10957,March 2013,,2013-03-25 20:31:33
809,1564,March 2013,,2013-03-25 20:31:34
810,6729,March 2013,,2013-03-25 20:31:36
811,6635,March 2013,,2013-03-25 20:31:37
812,6185,March 2013,,2013-03-25 20:31:39
813,9929,March 2013,,2013-03-29 16:32:48
814,11427,January 2012,,2013-03-29 16:32:49
815,11632,March 2013,,2013-03-29 16:32:51
816,11731,March 2013,,2013-03-29 16:32:52
817,13181,March 2013,,2013-03-29 16:32:53
818,11569,April 2013,,2013-04-22 19:17:30
819,11575,April 2013,,2013-04-22 19:17:32
820,13168,April 2013,,2013-04-22 19:17:33
821,3049,April 2013,,2013-04-22 19:17:34
822,1903,April 2013,,2013-04-22 19:17:35
823,2029,May 2013,,2013-05-03 18:41:30
824,1831,May 2013,,2013-05-03 18:41:33
825,6010,May 2013,,2013-05-03 19:38:28
826,5790,May 2013,,2013-05-03 20:11:40
827,13186,May 2013,,2013-05-03 20:31:21
828,6491,May 2013,,2013-05-03 21:07:41
829,6895,May 2013,,2013-05-03 21:07:42
830,7767,May 2013,,2013-05-14 20:58:42
831,13187,May 2013,,2013-05-14 21:11:00
832,13188,May 2013,,2013-05-15 17:36:54
833,3010,May 2013,,2013-05-15 18:43:30
834,8975,May 2013,,2013-05-15 19:22:52
835,9052,May 2013,,2013-05-15 19:51:26
836,1901,June 2013,,2013-06-03 20:05:39
837,1902,June 2013,,2013-06-03 20:05:41
838,9703,June 2013,,2013-06-03 20:05:43
839,13195,June 2013,,2013-06-03 20:05:44
840,13182,June 2013,,2013-06-03 20:05:45
841,6788,June 2013,,2013-06-06 15:18:35
842,3107,June 2013,,2013-06-18 13:42:08
843,11603,June 2013,,2013-06-19 8:51:51
844,5099,March 2012,,2013-06-19 8:51:53
845,5115,June 2013,,2013-06-19 8:51:55
846,5117,June 2013,,2013-06-19 8:51:56
847,13196,July 2013,,2013-07-01 9:10:37
848,9513,July 2013,,2013-07-03 11:07:01
849,13191,July 2013,,2013-07-03 11:07:06
850,13190,July 2013,,2013-07-03 11:07:08
851,13189,July 2013,,2013-07-03 11:07:09
852,9935,July 2013,,2013-07-03 11:07:11
853,9158,October 2013,,2013-10-02 7:52:32
854,13197,October 2013,,2013-10-03 13:02:41
855,10457,October 2013,,2013-10-03 13:02:43
856,5338,December 2013,,2013-12-09 9:09:13
857,3957,December 2013,,2013-12-16 9:48:47
858,6393,December 2013,,2013-12-16 9:48:50
859,4359,December 2013,,2013-12-18 12:47:43
860,2181,December 2013,,2013-12-18 12:47:44
861,6161,December 2013,,2013-12-18 12:47:46
862,6502,December 2013,,2013-12-20 13:39:52
863,6928,December 2013,,2013-12-20 13:39:56
864,6198,December 2013,,2013-12-23 9:55:22
865,6929,December 2013,,2013-12-23 9:55:26
867,7876,December 2013,,2013-12-23 9:55:30
868,7877,December 2013,,2013-12-23 11:58:54
869,7169,January 2014,,2014-01-02 13:34:17
870,11417,January 2014,,2014-01-02 13:34:18
871,8459,January 2014,,2014-01-02 13:34:20
872,2730,January 2014,,2014-01-02 13:34:21
873,5328,January 2014,,2014-01-02 13:34:25
874,10202,January 2014,,2014-01-02 13:34:15
875,1628,January 2014,,2014-01-07 7:30:49
876,10857,January 2014,,2014-01-07 7:30:54
877,2330,January 2014,,2014-01-07 11:50:02
878,6935,February 2014,,2014-01-07 11:50:04
879,6940,January 2014,,2014-01-07 11:50:06
880,5121,January 2014,,2014-01-15 13:30:20
881,5120,January 2014,,2014-01-15 13:30:22
882,5122,January 2014,,2014-01-15 13:30:24
883,2504,January 2014,,2014-01-15 13:30:26
884,13198,January 2014,,2014-01-16 9:27:36
885,10623,January 2014,,2014-01-22 9:14:26
886,4224,January 2014,,2014-01-22 9:15:01
887,4225,January 2014,,2014-01-22 9:15:05
888,10644,July 2014,,2014-01-22 9:15:07
889,4227,January 2014,,2014-01-22 9:15:11
890,2997,January 2014,,2014-01-24 11:20:57
891,2483,January 2014,,2014-01-24 12:59:24
892,13199,January 2014,,2014-01-24 12:59:26
893,2578,January 2014,,2014-01-24 12:59:28
894,2577,January 2014,,2014-01-24 13:41:16
895,7232,February 2014,,2014-02-27 15:46:08
896,7294,January 2013,,2014-03-03 13:42:20
897,13183,February 2018,,2014-03-03 13:42:23
898,8079,March 2014,,2014-03-03 13:42:25
899,2896,March 2014,,2014-03-03 13:42:26
900,6668,March 2014,,2014-03-28 10:01:06
901,13205,April 2014,,2014-04-09 7:25:54
902,13206,April 2014,,2014-04-09 7:26:00
903,6580,April 2014,,2014-04-11 11:55:13
904,9693,April 2014,,2014-04-11 11:55:15
905,4380,April 2014,,2014-04-11 11:55:18
906,4163,April 2014,,2014-04-11 11:55:20
907,10394,April 2014,,2014-04-14 8:53:27
908,11299,May 2014,,2014-05-08 12:55:46
909,3906,May 2014,,2014-05-09 12:04:39
910,7523,May 2014,,2014-05-09 12:04:43
911,3907,May 2014,,2014-05-09 12:04:46
912,7040,May 2014,,2014-05-09 12:49:56
913,5349,May 2014,,2014-05-20 9:53:54
914,5849,May 2014,,2014-05-20 10:48:58
915,13217,May 2014,,2014-05-22 8:51:51
916,3762,May 2014,,2014-05-20 14:08:02
917,7775,May 2014,,2014-05-20 14:08:05
918,13220,June 2014,,2014-06-09 13:21:11
919,13221,June 2014,,2014-06-09 13:22:09
920,13222,June 2014,,2014-06-10 7:56:15
921,12785,June 2014,,2014-06-16 8:48:03
922,10548,July 2014,,2014-07-16 20:46:59
923,3902,September 2014,,2014-09-08 11:25:48
924,3903,September 2014,,2014-09-08 11:25:51
925,3904,September 2014,,2014-09-08 11:25:52
926,7069,September 2014,,2014-09-08 16:56:38
927,13202,September 2014,,2014-09-08 16:56:37
928,13203,September 2014,,2014-09-09 14:00:34
929,13201,September 2014,,2014-09-09 14:00:33
930,2469,September 2014,,2014-09-09 14:00:32
931,13225,September 2014,,2014-09-16 13:26:05
932,13204,September 2014,,2014-09-22 16:27:46
933,10146,April 2014,,2014-09-22 16:27:45
934,11003,April 2014,,2014-09-22 16:27:43
935,13226,October 2014,,2014-10-07 14:31:59
936,5924,October 2014,,2014-10-30 11:32:55
937,10898,October 2014,,2014-10-30 11:32:54
938,5926,October 2014,,2014-10-30 11:32:53
939,5928,October 2014,,2014-10-30 11:32:52
940,5927,October 2014,,2014-10-30 11:32:48
941,12264,October 2014,,2014-10-30 11:32:49
942,12340,October 2014,,2014-10-30 11:32:51
943,8651,August 2014,,2014-10-29 12:57:32
944,8650,August 2014,,2014-10-29 12:57:23
945,5151,October 2014,,2014-10-31 11:56:01
946,13227,October 2014,,2014-10-31 11:56:00
947,5159,October 2014,,2014-10-31 15:46:56
948,13228,October 2014,,2014-10-31 15:46:57
949,13229,October 2014,,2014-10-31 15:46:59
950,13230,November 2014,,2014-11-24 16:28:38
951,13231,November 2014,,2014-11-24 16:28:37
952,5997,November 2014,,2014-11-24 16:28:33
953,13232,November 2014,,2014-11-24 16:28:35
954,13233,November 2014,,2014-12-02 15:32:13
955,13234,November 2014,,2014-12-02 15:32:12
956,13235,November 2014,,2014-12-02 15:32:11
957,13236,November 2014,,2014-12-02 15:32:10
958,13237,November 2014,,2014-12-02 15:32:09
959,13238,November 2014,,2014-12-02 15:32:03
960,13239,November 2014,,2014-12-02 15:32:04
961,13240,December 2014,,2014-12-02 15:32:05
962,13241,November 2014,,2014-12-02 15:32:06
963,13242,November 2014,,2014-12-02 15:32:08
964,10878,December 2014,,2014-12-04 15:16:44
965,2665,December 2014,,2014-12-04 15:16:42
966,9690,December 2014,,2014-12-15 13:46:22
967,61,December 2014,,2014-12-19 11:30:37
968,620,December 2014,,2014-12-19 11:30:34
969,6147,December 2014,,2014-12-19 11:30:33
970,2561,December 2014,,2014-12-19 13:17:16
971,2606,December 2014,,2014-12-19 13:17:14
972,6578,December 2014,,2014-12-19 13:17:13
973,6134,December 2014,,2014-12-19 13:17:11
974,9394,January 2015,,2015-01-15 11:24:31
975,1869,February 2015,,2015-02-12 11:53:02
976,6412,March 2015,,2015-02-26 11:40:21
977,7718,February 2015,,2015-02-26 14:10:08
978,5795,"March 2, 2015",,2015-03-03 14:38:25
979,12405,April 2015,,2015-04-08 17:03:35
980,6721,April 2015,,2015-04-08 17:03:35
981,6138,April 2015,,2015-04-10 15:36:42
982,7551,April 2015,,2015-04-21 12:02:01
983,8085,April 2010,,2015-04-24 14:33:30
984,13404,April 2010,,2015-04-24 14:33:29
985,13423,May 2010,,2015-04-24 14:46:49
986,6122,August 2011,April 2015,2015-04-28 13:56:31
987,13425,"May 4, 2015",,2015-05-04 15:41:48
988,9287,May 2014,,2015-05-05 14:44:43
989,13426,May 2015,,2015-05-05 14:44:42
990,13427,May 2015,,2015-05-05 15:22:18
991,13428,May 2015,,2015-05-05 15:22:17
992,2314,May 2015,,2015-05-19 13:36:19
993,3194,May 2015,,2015-05-19 13:36:19
994,3204,May 2015,,2015-05-19 13:36:18
995,3189,May 2015,,2015-05-19 13:36:17
996,3191,May 2015,,2015-05-19 13:36:14
997,4327,May 2015,,2015-05-19 13:36:15
998,3208,May 2015,,2015-05-19 13:36:16
999,1974,May 2015,,2015-05-19 13:36:17
1000,7545,May 2015,,2015-05-26 17:10:50
1001,13429,May 2015,,2015-05-28 13:57:45
1002,13430,May 2015,,2015-05-28 14:43:03
1003,13431,May 2015,,2015-05-28 15:28:03
1004,13432,May 2015,,2015-05-28 15:59:05
1005,13433,May 2015,,2015-05-28 16:25:43
1006,13434,May 2015,,2015-05-28 17:03:53
1007,13435,May 2015,,2015-05-29 13:24:14
1008,13436,June 2015,,2015-06-02 15:58:24
1009,13437,June 2015,,2015-06-02 15:58:23
1010,13438,June 2015,,2015-06-02 16:25:54
1011,13439,June 2015,,2015-06-02 17:21:29
1012,13440,June 2015,,2015-06-04 11:19:24
1013,13441,June 2015,,2015-06-04 11:58:21
1014,13442,June 2015,,2015-06-04 12:48:25
1015,13443,June 2015,,2015-06-04 15:20:59
1016,13444,June 2015,,2015-06-05 11:49:26
1017,13445,June 2015,,2015-06-05 12:08:06
1018,13446,June 2015,,2015-06-05 15:32:08
1019,13447,June 2015,,2015-06-05 17:03:34
1020,13448,June 2015,,2015-06-05 17:03:35
1021,13449,June 2015,,2015-06-12 15:46:31
1022,13450,June 2015,,2015-06-12 16:16:39
1023,13451,June 2015,,2015-06-12 16:35:31
1024,4302,June 2015,,2015-06-16 12:55:39
1025,3188,June 2015,,2015-06-16 15:19:17
1026,13452,June 2015,,2015-06-16 17:57:57
1027,13453,June 2015,,2015-06-16 17:57:56
1028,13454,June 2015,,2015-06-16 17:57:55
1029,13455,June 2015,,2015-06-16 17:57:55
1030,7272,August 2015,,2015-08-24 16:05:33
1031,4358,September 2015,,2015-09-10 11:35:46
1032,3989,October 2015,,2015-10-27 13:54:47
1033,7348,November 2015,,2015-11-03 16:45:51
1034,10613,November 2015,,2015-11-03 16:45:50
1035,10633,November 2015,,2015-11-03 16:45:48
1036,4249,November 2015,,2015-11-03 16:45:49
1037,10753,November 2015,,2015-11-03 16:45:49
1038,10742,November 2015,,2015-11-03 16:45:50
1039,6335,January 2016,,2016-01-08 10:50:37
1040,6336,January 2016,,2016-01-08 10:50:34
1041,6337,January 2016,,2016-01-08 10:50:35
1042,6338,January 2016,,2016-01-08 10:50:35
1043,6339,January 2016,,2016-01-08 10:50:36
1044,5326,January 2016,,2016-01-15 16:28:27
1045,2640,January 2016,,2016-01-15 16:28:26
1046,2639,January 2016,,2016-01-15 16:28:26
1047,4080,January 2016,,2016-01-15 16:28:24
1048,9442,January 2016,,2016-01-15 16:28:25
1049,6341,January 2016,,2016-01-22 16:15:00
1050,6342,January 2016,,2016-01-22 16:14:59
1051,6343,January 2016,,2016-01-22 16:14:58
1052,6344,January 2016,,2016-01-22 16:14:59
1053,6345,January 2016,,2016-01-22 16:14:57
1054,6346,January 2016,,2016-01-29 14:03:46
1055,3072,January 2016,,2016-01-29 14:03:45
1056,13507,January 2016,,2016-01-29 14:03:45
1057,11798,January 2016,,2016-01-29 14:03:44
1058,9333,January 2016,,2016-01-29 14:03:43
1059,6348,February 2016,,2016-02-04 17:24:50
1060,6349,February 2016,,2016-02-04 17:24:50
1061,2423,February 2016,,2016-02-05 11:21:17
1062,13509,February 2016,,2016-02-05 11:21:18
1063,13510,February 2016,,2016-02-06 14:48:35
1064,13511,February 2016,,2016-02-10 16:34:12
1065,13512,February 2016,,2016-02-10 16:34:13
1066,2336,February 2016,,2016-02-16 12:03:54
1067,13513,February 2016,,2016-02-11 10:36:57
1068,13514,February 2016,,2016-02-11 10:36:57
1069,13515,February 2016,,2016-02-11 10:36:55
1070,6350,February 2016,,2016-03-23 15:18:16
1071,6334,February 2016,,2016-03-23 15:18:15
1072,13502,February 2016,,2016-02-16 12:03:55
1073,7581,February 2016,,2016-02-16 12:04:07
1074,13516,February 2016,,2016-02-16 12:04:05
1075,13517,February 2016,,2016-02-16 12:04:06
1076,13518,February 2016,,2016-02-16 12:04:06
1077,13519,February 2016,,2016-02-24 14:39:55
1078,13520,February 2016,,2016-02-24 14:39:54
1079,13521,February 2016,,2016-02-24 14:39:53
1080,13522,February 2016,,2016-02-24 14:39:53
1081,13523,February 2016,,2016-02-24 14:39:52
1082,2720,March 2016,,2016-03-02 16:15:51
1083,6499,March 2016,,2016-03-02 16:15:53
1084,13527,March 2016,,2016-03-02 16:15:51
1085,13528,March 2016,,2016-03-02 16:15:53
1086,7582,March 2016,,2016-03-02 16:15:52
1087,7681,March 2016,,2016-03-11 15:24:40
1088,13531,March 2016,,2016-03-11 15:24:39
1089,6331,March 2016,,2016-03-11 15:24:36
1090,13533,March 2016,,2016-03-11 15:24:36
1091,13532,March 2016,,2016-03-11 15:24:37
1092,11972,March 2013,,2016-03-11 15:24:38
1093,13534,March 2016,,2016-03-18 15:45:07
1094,13535,March 2016,,2016-03-18 15:45:07
1095,13536,March 2016,,2016-03-23 15:18:13
1096,13537,March 2016,,2016-03-18 15:45:05
1097,13538,March 2016,,2016-03-18 15:45:05
1098,13539,March 2016,,2016-03-18 15:45:06
1099,10415,March 2016,,2016-03-23 15:18:14
1100,10414,March 2016,,2016-03-23 15:18:15
1101,7613,March 2016,,2016-03-24 12:18:41
1102,13540,March 2016,,2016-03-31 15:12:25
1103,12100,March 2016,,2016-03-31 15:12:24
1104,13541,March 2016,,2016-03-31 16:53:10
1105,13542,March 2016,,2016-03-31 16:53:09
1106,13543,March 2016,,2016-03-31 16:53:10
1107,13544,April 2016,,2016-04-07 14:28:32
1108,6567,April 2016,,2016-04-07 14:28:31
1109,4301,April 2016,,2016-04-07 14:28:29
1110,6568,April 2016,,2016-04-07 14:28:30
1111,6892,April 2016,,2016-04-07 14:28:31
1112,13545,April 2016,,2016-04-15 14:49:36
1113,13546,April 2016,,2016-04-15 14:49:35
1114,13547,April 2016,,2016-04-15 14:49:33
1115,6333,April 2016,,2016-04-15 14:49:34
1116,6332,April 2016,,2016-04-15 14:49:35
1117,9171,April 2016,,2016-04-22 16:06:03
1118,6353,April 2016,,2016-04-22 16:06:01
1119,8474,April 2016,,2016-04-22 16:06:01
1120,13548,April 2016,,2016-04-22 16:06:02
1121,13549,April 2016,,2016-04-22 16:06:02
1122,11246,May 2016,,2016-05-04 16:40:36
1123,11245,May 2016,,2016-05-04 16:40:35
1124,11279,May 2016,,2016-05-04 16:40:34
1125,8892,May 2016,,2016-05-04 16:40:32
1126,11277,May 2016,,2016-05-04 16:40:33
1127,13550,May 2016,,2016-05-13 16:10:02
1128,11278,May 2016,,2016-05-13 16:10:02
1129,3109,May 2016,,2016-05-13 16:10:01
1130,5331,May 2016,,2016-05-13 16:10:00
1131,8126,May 2016,,2016-05-13 16:09:59
1132,2973,May 2016,,2016-05-20 11:10:25
1133,13558,May 2016,,2016-05-20 12:50:24
1134,12865,May 2016,,2016-05-20 12:50:23
1135,8754,May 2016,,2016-05-20 12:50:22
1136,13559,May 2016,,2016-05-26 17:56:17
1137,13560,May 2016,,2016-05-26 17:56:17
1138,5641,May 2016,,2016-05-26 17:56:16
1139,13561,May 2016,,2016-05-26 17:56:14
1140,13562,May 2016,,2016-05-26 17:56:15
1141,13563,June 2016,,2016-06-03 11:49:51
1142,13564,June 2016,,2016-06-03 11:49:50
1143,7462,June 2016,,2016-06-03 11:49:50
1144,7521,June 2016,,2016-06-03 11:49:49
1145,276,June 2016,,2016-06-03 11:49:48
1146,9572,June 2016,,2016-06-08 14:34:38
1147,11796,June 2016,,2016-06-10 14:16:37
1148,11790,June 2016,,2016-06-10 14:16:38
1149,4177,June 2016,,2016-06-13 11:05:44
1150,2987,June 2016,,2016-06-13 11:05:42
1151,8753,June 2016,,2016-06-14 11:55:04
1152,6395,June 2016,,2016-06-15 13:01:03
1153,5313,June 2016,,2016-06-15 13:01:02
1154,2434,June 2016,,2016-06-24 14:05:29
1155,2427,June 2016,,2016-06-24 14:05:29
1156,5985,June 2016,,2016-06-24 14:05:28
1157,6779,June 2016,,2016-06-24 14:05:27
1158,6801,July 2016,,2016-07-01 12:28:26
1159,6982,July 2016,,2016-07-01 12:28:25
1160,13566,July 2016,,2016-07-21 11:26:40
1161,7641,August 2016,,2016-08-17 15:16:18
1162,13572,August 2016,,2016-08-17 15:16:19
1163,13574,September 2016,,2016-09-15 15:14:22
1164,8757,September 2016,,2016-09-23 13:10:18
1165,13583,October 2016,,2016-10-19 16:23:51
1166,9305,October 2016,October 2020,2016-10-19 16:23:50
1167,7162,November 2016,,2016-11-04 11:34:14
1168,11285,November 2016,,2016-11-08 15:00:57
1169,13588,November 2016,,2016-11-29 11:49:00
1170,10018,January 2017,,2017-01-18 13:47:36
1171,10546,March 2017,,2017-03-07 17:04:48
1172,2339,March 2017,,2017-03-15 10:21:37
1173,10561,June 2017,,2017-06-01 9:29:06
1174,10579,June 2017,,2017-06-23 16:35:27
1175,10168,July 2017,,2017-07-12 3:09:18
1176,5803,July 2017,,2017-07-26 10:19:10
1177,7326,September 2017,,2017-09-13 13:31:53
1178,2854,September 2017,,2017-09-14 15:24:22
1179,6874,September 2017,May 2018,2017-09-18 11:43:10
1180,7732,September 2017,,2017-09-26 12:12:07
1181,6351,October 2017,,2017-10-10 19:31:15
1182,10480,November 2017,,2017-11-14 15:30:17
1183,6470,November 2017,,2017-11-29 15:19:43
1184,2419,December 2017,,2017-12-01 20:23:34
1185,2791,December 2017,,2017-12-12 14:48:43
1186,7565,December 2017,,2017-12-12 14:48:44
1187,13596,December 2017,,2017-12-14 19:55:13
1188,1639,January 2018,,2018-01-05 20:13:18
1189,13597,February 2018,,2018-02-14 16:38:46
1190,9172,February 2018,,2018-02-14 16:38:46
1191,13598,February 2018,,2018-02-14 16:38:38
1192,3770,February 2018,,2018-02-14 16:38:43
1193,3152,February 2018,,2018-02-14 16:38:36
1194,13611,March 2018,,2018-03-07 17:55:15
1195,10835,March 2018,,2018-03-14 21:47:54
1196,13612,March 2018,,2018-03-26 15:41:53
1197,13613,March 2018,,2018-03-29 13:26:16
1198,13614,April 2018,,2018-04-04 21:26:47
1199,13615,April 2018,,2018-04-09 13:42:15
1200,13616,April 2018,,2018-04-09 13:42:17
1201,6009,June 2018,,2018-06-18 17:13:35
1202,13617,July 2018,,2018-07-03 14:32:30
1203,11056,July 2018,,2018-07-13 12:29:18
1204,9361,July 2018,,2018-07-26 15:16:08
1205,5693,October 2018,,2018-10-29 18:40:44
1206,7113,November 2018,,2018-11-16 21:28:58
1207,6275,December 2018,,2018-12-18 15:20:57
1208,10811,January 2019,,2019-01-16 19:34:04
1209,10280,February 2019,,2019-02-13 15:42:03
1210,4086,February 2019,,2019-02-28 16:16:31
1211,5527,March 2019,,2019-03-27 16:31:59
1212,9585,April 2019,,2019-04-08 15:37:11
1213,9945,July 2019,,2019-07-30 14:11:25
1214,11741,July 2019,,2019-07-30 14:11:26
1215,23,August 2019,,2019-08-09 16:36:54
1216,9574,August 2019,,2019-08-27 19:31:53
1217,6678,November 2019,,2019-11-06 21:27:45
1218,10908,November 2019,,2019-11-07 17:08:02
1219,10900,November 2019,,2019-11-08 17:05:41
1220,10911,November 2019,,2019-11-08 20:24:55
1221,10970,November 2019,,2019-11-15 17:07:57
1222,10980,November 2019,,2019-11-20 17:37:55
1223,10961,November 2019,,2019-11-20 21:05:05
1224,13627,November 2019,,2019-11-21 18:00:44
1225,13631,November 2019,,2019-11-25 14:23:30
1226,10981,November 2019,,2019-11-25 16:47:13
1227,10982,November 2019,,2019-11-25 16:47:12
1228,13628,December 2019,,2019-12-05 14:02:29
1229,3736,December 2019,,2019-12-10 22:48:45
1230,10699,December 2019,,2019-12-20 20:23:57
1231,13633,December 2019,,2019-12-23 18:07:09
1232,13634,December 2019,,2019-12-23 18:07:08
1233,3660,January 2019,,2020-01-06 20:35:42
1234,13635,January 2020,,2020-01-07 16:05:53
1235,13636,January 2020,,2020-01-07 17:04:07
1236,13638,January 2020,,2020-01-08 17:40:45
1237,13642,January 2020,,2020-01-08 17:40:45
1238,6374,January 2020,,2020-01-10 17:19:55
1239,4622,January 2020,,2020-01-17 16:44:41
1240,6733,February 2020,,2020-02-24 18:07:12
1241,5386,February 2020,,2020-02-28 17:18:13
1243,5820,March 2020,,2020-03-30 17:28:00
1244,6441,March 2020,,2020-03-30 19:17:52
1245,7090,March 2020,,2020-03-31 15:42:09
1246,5822,March 2020,,2020-03-31 15:42:05
1247,1370,May 2020,,2020-05-11 14:41:10
1248,13648,May 2020,,2020-05-27 12:17:34
1249,5312,June 2020,,2020-06-12 19:24:20
1250,8354,July 2020,,2020-07-03 19:29:32
1251,7473,July 2020,,2020-07-08 17:15:06
1252,13650,July 2020,,2020-07-13 16:24:56
1253,12838,July 2020,,2020-07-16 13:41:49
1254,7305,July 2020,,2020-07-22 20:23:22
1255,9594,July 2020,,2020-07-29 19:06:43
1256,13652,August 2020,,2020-08-11 16:15:16
1257,13655,August 2020,,2020-08-14 15:28:31
1259,5306,October 2020,,2020-10-08 15:57:37
1260,11183,October 2020,,2020-10-20 15:04:15
1261,10617,October 2020,,2020-10-29 19:35:34
1262,8730,November 2020,,2020-11-12 19:58:52
1263,11231,January 2021,,2021-01-10 15:58:41
1264,2882,January 2021,,2021-01-14 22:15:35
1265,12180,February 2021,,2021-02-02 20:22:10
1266,7929,February 2021,,2021-02-15 20:37:47
1267,6194,February 2021,,2021-02-16 15:54:18
1268,7007,March 2021,,2021-03-10 18:04:05
1269,13666,March 2021,,2021-03-16 15:25:43
1270,13654,March 2021,,2021-03-16 18:55:09
1271,13659,April 2021,,2021-04-06 19:43:21
1272,5824,April 2021,,2021-04-08 18:38:50
1273,13653,April 2021,,2021-04-21 14:39:05
1274,9301,June 2021,,2021-06-02 13:03:47
1275,5894,June 2021,,2021-06-05 16:00:17
1276,3955,June 2021,,2021-06-07 16:43:36
1277,13677,June 2021,,2021-06-07 19:26:57
1278,12553,June 2021,,2021-06-07 19:26:52
1279,4820,June 2021,,2021-06-07 19:26:47
1280,13679,June 2021,,2021-06-08 15:42:47
1281,12741,June 2021,,2021-06-08 15:42:45
1282,11385,June 2021,,2021-06-14 22:13:52
1283,13683,June 2021,,2021-06-21 15:09:27
1284,8906,June 2021,,2021-06-28 20:10:10
1285,2541,June 2021,,2021-06-28 20:10:13
1286,13684,June 2021,,2021-06-28 20:10:11
1287,13686,June 2021,,2021-06-30 2:25:18
1288,7881,June 2021,,2021-06-30 2:25:20
1289,7882,July 2021,,2021-07-01 18:51:32
1290,9983,"July 1, 2021",,2021-07-01 18:51:30
1291,2162,July 2021,,2021-07-07 18:26:29
1292,13687,July 2021,,2021-07-14 15:10:45
1293,13688,"July, 2021",,2021-07-16 18:40:44
1294,3266,July 2021,,2021-07-26 19:45:39
1295,13689,July 2021,,2021-07-27 15:07:16
1296,13692,August 2021,,2021-08-11 18:33:17
1297,12839,August 2021,,2021-08-14 20:43:48
1298,13693,August 2021,,2021-08-31 20:40:07
1299,13694,August 2021,,2021-08-31 20:40:06
1300,9761,September 2021,,2021-09-28 18:02:11
1301,13462,November 2021,,2021-11-22 15:17:51
1302,13697,December 2021,,2021-12-14 17:03:25
1303,1659,January 2022,,2022-01-19 19:15:18
1304,3485,February 2022,,2022-02-22 16:08:04
1305,13698,February 2022,,2022-02-23 16:01:48
1306,8,March 2022,,2022-03-03 19:28:35
1307,13699,March 2022,,2022-03-04 19:36:51
1308,13700,March 2022,,2022-03-04 20:18:29
1309,9343,March 2022,,2022-03-04 20:45:38
1310,13701,March 2022,,2022-03-04 21:19:25
1311,11290,March 2022,,2022-03-07 17:22:57
1312,13702,March 2022,,2022-03-07 17:22:54
1313,13703,March 2022,,2022-03-07 17:22:56
1314,13704,March 2022,,2022-03-07 17:22:58
1315,13706,March 2022,,2022-03-22 19:23:36
1316,5805,March 2022,,2022-03-22 20:24:13
1317,8507,May 2022,,2022-05-02 19:10:30
1318,12500,May 2022,,2022-05-05 14:47:21
1319,13707,May 2022,,2022-05-05 18:53:23
1320,2069,May 2022,,2022-05-09 15:35:05
1321,12743,May 2022,,2022-05-09 15:35:03
1322,12742,May 2022,,2022-05-09 15:35:06
1323,9047,May 2022,,2022-06-01 19:29:40
1324,12171,June 2022,,2022-06-01 19:29:41
1325,2418,June 2022,,2022-06-15 13:26:31
1326,13718,June 2022,,2022-06-27 15:29:25
1327,13719,June 2022,,2022-06-27 15:29:26
1328,13720,June 2022,,2022-06-27 15:29:25
1329,13721,June 2022,,2022-06-27 15:29:27
1330,10355,June 2022,,2022-06-28 16:51:07
1331,13722,June 2022,,2022-06-30 19:42:51
1332,13723,June 2022,,2022-06-30 19:42:44
1333,13724,June 2022,,2022-06-30 19:42:48
1334,9289,June 2022,,2022-06-30 20:05:17
1335,13625,June 2022,,2022-06-30 20:46:09
1336,13725,June 2022,,2022-06-30 21:01:11
1337,6076,July 2022,,2022-07-26 16:36:41
1338,12403,July 2022,,2022-07-26 16:36:40
1339,7525,July 2022,,2022-07-26 16:36:39
1340,13731,July 2022,,2022-08-08 19:21:58
1341,13737,November 2022,,2022-11-02 11:50:29
1342,13738,November 2022,,2022-11-02 11:50:28
1343,8156,November 2022,,2022-11-02 11:50:27
1344,13740,November 2022,,2022-11-17 16:57:12
1346,13744,December 2022,,2022-12-01 13:21:50
1347,13747,January 2023,,2023-01-10 22:35:12
1348,13748,January 2023,,2023-01-10 22:35:14
1349,13749,January 2023,,2023-01-10 22:35:13
1350,13750,January 2023,,2023-01-10 22:35:13
1351,13773,January 2023,,2023-01-20 16:14:33
1352,7297,March 2023,,2023-03-01 16:00:06
1353,3822,March 2023,,2023-03-13 20:04:10
1354,13745,March 2023,,2023-03-20 16:18:27
1355,13805,March 2023,,2023-03-22 20:03:09
1356,13788,March 2023,,2023-03-23 19:32:13
1357,13787,March 2023,,2023-03-23 19:55:43
1358,13803,March 2023,,2023-03-23 20:23:24
1359,13794,March 2023,,2023-03-23 20:47:21
1360,12479,March 2023,,2023-03-24 16:18:44
1361,13809,April 2023,,2023-04-12 18:28:56
1362,12745,April 2023,,2023-04-20 19:48:39
1363,10203,April 2023,,2023-04-20 19:48:38
1364,13249,April 2023,,2023-04-20 19:48:35
1365,13246,April 2023,,2023-04-24 15:57:42
1366,13797,April 2023,,2023-04-24 15:57:37
1367,13795,April 2023,,2023-04-24 15:57:41
1368,13796,April 2023,,2023-04-24 15:57:39
1369,13708,May 2023,,2023-05-11 13:36:28
1370,13810,May 2023,,2023-05-12 15:48:00
1371,2945,May 2023,,2023-05-18 14:48:52
1372,11158,June 2023,,2023-06-05 22:00:34
1373,13806,June 2023,,2023-06-05 22:00:36
1374,13793,June 2023,,2023-06-05 22:00:39
1375,12613,June 2023,,2023-06-05 22:00:34
1376,13647,June 2023,,2023-06-05 22:00:39
1377,13798,June 2023,,2023-06-05 22:00:38
1378,13248,June 2023,,2023-06-06 15:03:30
1379,13789,June 2023,,2023-06-06 15:03:29
1380,4310,June 2023,,2023-06-06 15:03:29
1381,13811,June 2023,,2023-06-07 20:07:23
1382,13812,June 2023,,2023-06-15 13:03:24
1383,13690,June 2023,,2023-06-15 16:15:34
1384,12981,June 2023,,2023-06-16 20:01:01
1385,13815,June 2023,,2023-06-21 14:05:27
1386,8456,June 2023,,2023-06-21 14:05:26
1387,8455,June 2023,,2023-06-21 14:05:26
1388,8454,June 2023,,2023-06-21 14:05:25
1389,1721,July 2023,,2023-07-06 14:51:48
1390,1719,July 2023,,2023-07-06 14:51:48
1391,1720,July 2023,,2023-07-06 14:51:49
1392,3627,July 2023,,2023-07-07 20:46:23
1393,13816,July 2023,,2023-07-18 21:15:32
1394,12439,August 2023,,2023-08-01 19:18:48
1395,13817,August 2023,,2023-08-14 17:23:06
1396,13790,August 2023,,2023-08-14 17:23:04
1397,13791,August 2023,,2023-08-14 17:23:03
1398,11428,August 2023,,2023-08-17 15:55:11
1399,13819,August 2023,,2023-08-24 16:00:17
1400,10320,August 2023,,2023-08-24 16:00:21
1401,10319,August 2023,,2023-08-24 16:00:18
1402,13820,August 2023,,2023-08-25 16:54:31
1403,8972,August 2023,,2023-08-30 16:53:34
1404,13821,August 2023,,2023-08-31 16:29:19
1405,13822,August 2023,,2023-08-31 16:29:19
1406,13823,August 2023,,2023-08-31 16:29:18
1407,13824,August 2023,,2023-08-31 16:29:15
1408,13825,August 2023,,2023-08-31 16:29:12
1409,2424,September 2023,,2023-09-08 21:15:16
1410,13828,October 2023,,2023-10-17 16:26:13
1411,11437,,,2023-10-19 12:37:49
1412,13836,October 2023,,2023-10-23 19:01:27
1413,13837,October 2023,,2023-10-23 19:01:49
1414,13838,October 2023,,2023-10-23 19:01:46
1415,13839,October 2023,,2023-10-23 19:01:44
1416,13840,October 2023,,2023-10-23 19:01:31
1417,13841,October 2023,,2023-10-23 19:01:40
1418,13842,October 2023,,2023-10-23 19:01:35
1419,13843,October 2023,,2023-10-27 14:51:42