biography_id,person_id,initial_approval_date,published_display_date
25,495,2007-08-01 0:00:00,August 2007
160,12883,2007-08-01 0:00:00,August 2007
24,494,2007-08-01 0:00:00,August 2007
123,11117,2007-08-01 0:00:00,August 2007
149,9688,2007-08-01 0:00:00,August 2007
15,6962,2007-08-01 0:00:00,August 2007
29,4903,2007-08-01 0:00:00,August 2007
9,13057,2007-08-01 0:00:00,August 2007
204,13077,2007-08-01 0:00:00,August 2007
134,96,2007-08-01 0:00:00,August 2007
131,86,2007-08-01 0:00:00,August 2007
176,1722,2007-08-01 0:00:00,August 2007
135,9,2007-08-01 0:00:00,August 2007
127,1108,2007-08-01 0:00:00,August 2007
126,6205,2007-08-01 0:00:00,August 2007
31,13058,2007-08-01 0:00:00,August 2007
128,490,2007-08-01 0:00:00,August 2007
10,8923,2007-08-01 0:00:00,August 2007
115,1754,2007-08-01 0:00:00,August 2007
116,8857,2007-08-01 0:00:00,August 2007
14,5588,2007-08-01 0:00:00,August 2007
114,8912,2007-08-01 0:00:00,August 2007
138,6653,2007-08-01 0:00:00,August 2007
132,9618,2007-08-01 0:00:00,August 2007
130,5281,2007-08-01 0:00:00,August 2007
32,9141,2007-08-01 0:00:00,August 2007
141,7429,2007-08-01 0:00:00,August 2007
47,3890,2007-08-01 0:00:00,August 2007
148,10083,2007-08-01 0:00:00,August 2007
136,9297,2007-08-01 0:00:00,August 2007
18,4185,2007-08-01 0:00:00,August 2007
30,9579,2007-08-01 0:00:00,August 2007
19,9624,2007-08-01 0:00:00,August 2007
21,4676,2007-08-01 0:00:00,August 2007
117,4043,2007-08-01 0:00:00,August 2007
121,10904,2007-08-01 0:00:00,August 2007
13,8891,2007-08-01 0:00:00,August 2007
157,3121,2007-08-01 0:00:00,August 2007
158,8472,2007-08-01 0:00:00,August 2007
133,5234,2007-08-01 0:00:00,August 2007
122,303,2007-08-01 0:00:00,August 2007
140,10815,2007-08-01 0:00:00,August 2007
16,7114,2007-08-01 0:00:00,August 2007
139,10301,2007-08-01 0:00:00,August 2007
237,7164,2007-08-01 0:00:00,August 2007
172,8027,2007-08-01 0:00:00,August 2007
125,9121,2007-08-01 0:00:00,August 2007
28,10881,2007-08-01 0:00:00,August 2007
137,9372,2007-08-01 0:00:00,August 2007
170,10315,2007-08-01 0:00:00,August 2007
387,4611,2007-09-01 0:00:00,September 2007
203,9646,2008-08-01 0:00:00,August 2008
57,4166,2008-08-01 0:00:00,August 2008
106,7373,2008-08-01 0:00:00,August 2008
64,2803,2008-08-01 0:00:00,August 2008
61,2823,2008-08-01 0:00:00,August 2008
63,2790,2008-08-01 0:00:00,August 2008
46,2798,2008-08-01 0:00:00,August 2008
66,4150,2008-08-01 0:00:00,August 2008
110,3101,2008-08-01 0:00:00,August 2008
11,84,2008-08-01 0:00:00,August 2008
69,9030,2008-08-01 0:00:00,August 2008
70,13065,2008-08-01 0:00:00,August 2008
84,4119,2008-08-01 0:00:00,August 2008
76,726,2008-08-01 0:00:00,August 2008
102,6159,2008-08-01 0:00:00,August 2008
101,6620,2008-08-01 0:00:00,August 2008
80,3937,2008-08-01 0:00:00,August 2008
112,3469,2008-08-01 0:00:00,August 2008
109,7636,2008-08-01 0:00:00,August 2008
68,11307,2008-08-01 0:00:00,August 2008
48,11471,2008-08-01 0:00:00,August 2008
38,3181,2008-08-01 0:00:00,August 2008
51,2812,2008-08-01 0:00:00,August 2008
83,4164,2008-08-01 0:00:00,August 2008
71,3939,2008-08-01 0:00:00,August 2008
56,5858,2008-08-01 0:00:00,August 2008
81,4113,2008-08-01 0:00:00,August 2008
78,3940,2008-08-01 0:00:00,August 2008
77,4114,2008-08-01 0:00:00,August 2008
55,4115,2008-08-01 0:00:00,August 2008
75,3673,2008-08-01 0:00:00,August 2008
73,2712,2008-08-01 0:00:00,August 2008
53,3936,2008-08-01 0:00:00,August 2008
103,10258,2008-08-01 0:00:00,August 2008
34,13061,2008-08-01 0:00:00,August 2008
107,6756,2008-08-01 0:00:00,August 2008
86,6749,2008-08-01 0:00:00,August 2008
79,2801,2008-08-01 0:00:00,August 2008
175,2799,2008-08-01 0:00:00,August 2008
52,2670,2008-08-01 0:00:00,August 2008
41,4175,2008-08-01 0:00:00,August 2008
45,11453,2008-08-01 0:00:00,August 2008
105,3881,2008-08-01 0:00:00,August 2008
50,7637,2008-08-01 0:00:00,August 2008
49,11865,2008-08-01 0:00:00,August 2008
39,11877,2008-08-01 0:00:00,August 2008
99,6671,2008-08-01 0:00:00,August 2008
5,8460,2008-08-01 0:00:00,August 2008
74,4170,2008-08-01 0:00:00,August 2008
113,6672,2008-08-01 0:00:00,August 2008
91,10824,2008-08-01 0:00:00,August 2008
89,2595,2008-08-01 0:00:00,August 2008
44,5,2008-08-01 0:00:00,August 2008
72,6278,2008-08-01 0:00:00,August 2008
54,4167,2008-08-01 0:00:00,August 2008
98,7038,2008-08-01 0:00:00,August 2008
58,4168,2008-08-01 0:00:00,August 2008
40,6547,2008-08-01 0:00:00,August 2008
104,3165,2008-08-01 0:00:00,August 2008
35,3169,2008-08-01 0:00:00,August 2008
85,2789,2008-08-01 0:00:00,August 2008
4,7673,2008-08-01 0:00:00,August 2008
82,3938,2008-08-01 0:00:00,August 2008
67,9482,2008-08-01 0:00:00,August 2008
100,3759,2008-08-01 0:00:00,August 2008
90,11898,2008-08-01 0:00:00,August 2008
60,4085,2008-08-01 0:00:00,August 2008
62,13063,2008-08-01 0:00:00,August 2008
65,13064,2008-08-01 0:00:00,August 2008
108,13066,2008-08-01 0:00:00,August 2008
37,3182,2008-08-01 0:00:00,August 2008
43,2899,2008-08-01 0:00:00,August 2008
33,4261,2008-08-01 0:00:00,August 2008
87,2806,2008-08-01 0:00:00,August 2008
42,4368,2008-08-01 0:00:00,August 2008
2,2539,2008-08-01 0:00:00,August 2008
88,6405,2008-08-01 0:00:00,August 2008
162,3744,2008-09-01 0:00:00,September 2008
144,13026,2008-09-01 0:00:00,September 2008
145,12521,2008-09-01 0:00:00,September 2008
92,10687,2008-09-01 0:00:00,September 2008
94,12828,2008-09-01 0:00:00,September 2008
95,3085,2008-09-01 0:00:00,September 2008
93,11114,2008-09-01 0:00:00,September 2008
159,3125,2009-10-01 0:00:00,October 2009
155,3866,2009-10-01 0:00:00,October 2009
163,9839,2009-10-01 0:00:00,October 2009
169,13071,2009-11-01 0:00:00,November 2009
167,13069,2009-11-01 0:00:00,November 2009
168,13070,2009-11-01 0:00:00,November 2009
178,11141,2009-11-01 0:00:00,November 2009
166,13068,2009-11-01 0:00:00,November 2009
165,13067,2009-11-01 16:50:43,November 2009
17,8750,2009-12-01 0:00:00,December 2009
187,13073,2009-12-01 0:00:00,December 2009
179,1981,2009-12-01 0:00:00,December 2009
183,4349,2009-12-01 0:00:00,December 2009
118,9169,2009-12-01 0:00:00,December 2009
171,13072,2009-12-01 0:00:00,December 2009
186,4632,2009-12-01 0:00:00,December 2009
174,3175,2009-12-01 0:00:00,December 2009
153,8752,2009-12-01 0:00:00,December 2009
182,5615,2009-12-01 0:00:00,December 2009
129,4626,2009-12-01 0:00:00,December 2009
189,10536,2009-12-01 0:00:00,December 2009
22,4272,2009-12-01 0:00:00,December 2009
180,6452,2009-12-01 0:00:00,December 2009
173,6489,2009-12-01 0:00:00,December 2009
177,5786,2009-12-01 0:00:00,December 2009
151,6285,2009-12-01 0:00:00,December 2009
185,4630,2009-12-01 0:00:00,December 2009
20,9612,2009-12-01 0:00:00,December 2009
23,8825,2009-12-01 0:00:00,December 2009
12,8181,2009-12-01 0:00:00,December 2009
188,9634,2009-12-01 0:00:00,December 2009
96,6065,2009-12-01 0:00:00,December 2009
161,6746,2009-12-01 0:00:00,December 2009
190,9126,2009-12-01 0:00:00,December 2009
154,9990,2009-12-01 0:00:00,December 2009
156,5461,2009-12-01 0:00:00,December 2009
152,2733,2009-12-01 0:00:00,December 2009
164,2683,2009-12-01 0:00:00,December 2009
150,5717,2009-12-01 0:00:00,December 2009
184,3168,2009-12-01 0:00:00,December 2009
193,11352,2010-01-01 0:00:00,January 2010
194,2491,2010-01-01 0:00:00,January 2010
191,2051,2010-01-01 0:00:00,January 2010
192,2137,2010-01-01 0:00:00,January 2010
201,13076,2010-02-01 0:00:00,February 2010
200,13075,2010-02-01 0:00:00,February 2010
206,13078,2010-02-01 0:00:00,February 2010
197,13074,2010-02-01 0:00:00,February 2010
199,2280,2010-02-01 0:00:00,February 2010
196,4425,2010-02-01 0:00:00,February 2010
205,6735,2010-02-01 0:00:00,February 2010
208,11909,2010-02-01 0:00:00,February 2010
209,11942,2010-02-01 0:00:00,February 2010
198,4291,2010-02-01 0:00:00,February 2010
202,2891,2010-02-01 0:00:00,February 2010
195,10683,2010-02-01 0:00:00,February 2010
207,4267,2010-02-01 0:00:00,February 2010
221,2980,2010-03-01 0:00:00,March 2010
212,3028,2010-03-01 0:00:00,March 2010
210,8637,2010-03-01 0:00:00,March 2010
215,4348,2010-03-01 0:00:00,March 2010
214,4350,2010-03-01 0:00:00,March 2010
218,11462,2010-03-01 0:00:00,March 2010
216,11986,2010-03-01 0:00:00,March 2010
219,3141,2010-03-01 0:00:00,March 2010
220,12096,2010-03-01 0:00:00,March 2010
213,8361,2010-03-01 13:36:31,March 2010
217,11441,2010-03-12 14:22:14,March 2010
211,4352,2010-03-31 18:09:25,March 2010
248,1726,2010-04-11 0:00:00,April 2010
238,6373,2010-04-11 0:00:00,April 2010
240,6770,2010-04-11 0:00:00,April 2010
223,5644,2010-04-11 0:00:00,April 2010
242,8076,2010-04-11 0:00:00,April 2010
247,8101,2010-04-11 0:00:00,April 2010
225,2387,2010-04-11 0:00:00,April 2010
226,1898,2010-04-11 0:00:00,April 2010
244,8675,2010-04-11 0:00:00,April 2010
251,5750,2010-04-11 0:00:00,April 2010
250,2104,2010-04-11 0:00:00,April 2010
229,13079,2010-04-11 0:00:00,April 2010
230,13080,2010-04-11 0:00:00,April 2010
231,13081,2010-04-11 0:00:00,April 2010
236,5457,2010-04-11 0:00:00,April 2010
246,4002,2010-04-11 0:00:00,April 2010
224,3178,2010-04-11 0:00:00,April 2010
984,13404,2010-04-11 0:00:00,April 2010
983,8085,2010-04-11 0:00:00,April 2010
227,2338,2010-04-19 14:38:22,April 2010
232,13082,2010-04-19 15:37:23,April 2010
245,9254,2010-04-29 14:23:15,April 2010
249,6367,2010-04-30 15:34:24,April 2010
268,6793,2010-05-01 0:00:00,May 2010
265,11597,2010-05-01 0:00:00,May 2010
258,6251,2010-05-01 0:00:00,May 2010
267,1985,2010-05-01 0:00:00,May 2010
261,9590,2010-05-01 0:00:00,May 2010
266,3883,2010-05-01 0:00:00,May 2010
269,13089,2010-05-01 0:00:00,May 2010
262,13087,2010-05-01 0:00:00,May 2010
264,8103,2010-05-01 0:00:00,May 2010
252,11565,2010-05-01 0:00:00,May 2010
270,4660,2010-05-01 0:00:00,May 2010
255,2866,2010-05-01 0:00:00,May 2010
985,13423,2010-05-01 0:00:00,May 2010
256,9789,2010-05-12 16:01:36,May 2010
259,5437,2010-05-12 17:42:38,May 2010
253,9788,2010-05-13 9:56:22,May 2010
254,5555,2010-05-13 9:58:09,May 2010
260,6723,2010-05-13 10:02:04,May 2010
278,5406,2010-06-01 0:00:00,June 2010
283,6340,2010-06-01 0:00:00,June 2010
284,3778,2010-06-01 0:00:00,June 2010
290,2328,2010-06-01 0:00:00,June 2010
288,2462,2010-06-01 0:00:00,June 2010
291,3783,2010-06-01 0:00:00,June 2010
292,3784,2010-06-01 0:00:00,June 2010
272,1820,2010-06-01 0:00:00,June 2010
271,1963,2010-06-01 0:00:00,June 2010
289,3782,2010-06-01 0:00:00,June 2010
281,13092,2010-06-01 0:00:00,June 2010
273,13090,2010-06-01 0:00:00,June 2010
277,2203,2010-06-01 0:00:00,June 2010
299,3786,2010-06-01 0:00:00,June 2010
293,3785,2010-06-01 0:00:00,June 2010
282,6690,2010-06-01 0:00:00,June 2010
276,7024,2010-06-11 16:58:31,June 2010
279,5753,2010-06-14 14:38:14,June 2010
285,7370,2010-06-23 15:45:22,June 2010
280,5401,2010-06-25 13:34:47,June 2010
315,13095,2010-07-01 0:00:00,July 2010
319,13099,2010-07-01 0:00:00,July 2010
320,13100,2010-07-01 0:00:00,July 2010
294,6100,2010-07-01 0:00:00,July 2010
306,10507,2010-07-01 0:00:00,July 2010
298,13093,2010-07-01 0:00:00,July 2010
301,3788,2010-07-01 0:00:00,July 2010
302,3789,2010-07-01 0:00:00,July 2010
303,3791,2010-07-01 0:00:00,July 2010
305,3793,2010-07-01 0:00:00,July 2010
308,3794,2010-07-01 0:00:00,July 2010
297,7053,2010-07-01 0:00:00,July 2010
304,3792,2010-07-01 0:00:00,July 2010
307,3795,2010-07-01 0:00:00,July 2010
317,13094,2010-07-01 0:00:00,July 2010
321,13101,2010-07-01 0:00:00,July 2010
322,13096,2010-07-01 0:00:00,July 2010
318,13098,2010-07-01 0:00:00,July 2010
295,1029,2010-07-01 0:00:00,July 2010
296,1035,2010-07-06 16:45:10,July 2010
310,11618,2010-07-30 10:51:43,July 2010
311,5137,2010-07-30 10:52:02,July 2010
312,8868,2010-08-02 16:49:40,August 2010
323,8116,2010-08-11 12:03:52,August 2010
325,13103,2010-08-11 12:03:55,August 2010
326,13104,2010-08-11 12:03:56,August 2010
328,9750,2010-08-13 11:50:17,August 2010
329,13106,2010-08-13 11:50:18,August 2010
330,13107,2010-08-13 11:50:19,August 2010
332,13108,2010-08-27 15:59:57,August 2010
333,13109,2010-08-27 15:59:58,August 2010
334,13110,2010-08-27 15:59:59,August 2010
335,4285,2010-08-27 16:05:11,August 2010
378,8342,2010-09-01 0:00:00,September 2010
356,2912,2010-09-01 0:00:00,September 2010
363,6286,2010-09-01 0:00:00,September 2010
376,8086,2010-09-01 0:00:00,September 2010
382,7083,2010-09-01 0:00:00,September 2010
359,7622,2010-09-01 0:00:00,September 2010
345,3414,2010-09-01 0:00:00,September 2010
357,4535,2010-09-01 0:00:00,September 2010
361,7240,2010-09-01 0:00:00,September 2010
364,6219,2010-09-01 0:00:00,September 2010
365,6910,2010-09-01 0:00:00,September 2010
366,6997,2010-09-01 0:00:00,September 2010
367,1637,2010-09-01 0:00:00,September 2010
368,5480,2010-09-01 0:00:00,September 2010
370,8099,2010-09-01 0:00:00,September 2010
371,7230,2010-09-01 0:00:00,September 2010
372,3743,2010-09-01 0:00:00,September 2010
373,5953,2010-09-01 0:00:00,September 2010
374,12817,2010-09-01 0:00:00,September 2010
375,2871,2010-09-01 0:00:00,September 2010
377,1586,2010-09-01 0:00:00,September 2010
380,6872,2010-09-01 0:00:00,September 2010
381,5432,2010-09-01 0:00:00,September 2010
383,5777,2010-09-01 0:00:00,September 2010
384,8106,2010-09-01 0:00:00,September 2010
385,9795,2010-09-01 0:00:00,September 2010
358,3877,2010-09-01 0:00:00,September 2010
346,6726,2010-09-01 0:00:00,September 2010
7,4354,2010-09-01 0:00:00,September 2010
338,2591,2010-09-03 11:25:10,September 2010
339,2638,2010-09-03 13:42:29,September 2010
337,2598,2010-09-03 15:07:38,September 2010
344,4631,2010-09-13 16:27:14,August 2010
349,13111,2010-09-17 14:56:59,August 2010
340,2593,2010-09-21 17:15:17,September 2010
355,5819,2010-09-21 17:16:27,September 2010
354,5818,2010-09-21 17:18:35,September 2010
347,5817,2010-09-21 17:23:51,September 2010
360,11572,2010-09-23 16:46:19,September 2010
397,8128,2010-10-01 0:00:00,October 2010
395,6110,2010-10-01 0:00:00,October 2010
400,5899,2010-10-01 0:00:00,October 2010
401,3225,2010-10-01 0:00:00,October 2010
389,5511,2010-10-01 0:00:00,October 2010
407,8097,2010-10-01 0:00:00,October 2010
404,3008,2010-10-01 0:00:00,October 2010
393,7107,2010-10-01 0:00:00,October 2010
388,3040,2010-10-01 0:00:00,October 2010
396,7879,2010-10-01 0:00:00,October 2010
408,8107,2010-10-01 0:00:00,October 2010
390,4092,2010-10-01 0:00:00,October 2010
391,4265,2010-10-01 0:00:00,October 2010
392,8105,2010-10-01 0:00:00,October 2010
398,2523,2010-10-01 0:00:00,October 2010
399,4276,2010-10-01 0:00:00,October 2010
402,2814,2010-10-01 0:00:00,October 2010
403,2952,2010-10-01 0:00:00,October 2010
405,5902,2010-10-01 0:00:00,October 2010
409,6466,2010-10-01 0:00:00,October 2010
406,2816,2010-10-01 0:00:00,October 2010
369,6175,2010-10-01 0:00:00,October 2010
386,4730,2010-10-01 0:00:00,October 2010
348,4402,2010-10-13 17:04:25,August 2010
362,13112,2010-10-13 17:06:33,August 2010
379,13113,2010-10-20 10:16:16,August 2010
412,6586,2010-11-01 0:00:00,November 2010
414,6587,2010-11-01 0:00:00,November 2010
413,1728,2010-11-01 0:00:00,November 2010
410,2442,2010-11-01 0:00:00,November 2010
411,5729,2010-11-01 0:00:00,November 2010
415,8108,2010-11-01 0:00:00,November 2010
394,7803,2010-11-04 14:14:43,November 2010
421,5796,2010-12-01 0:00:00,December 2010
416,6648,2010-12-01 0:00:00,December 2010
418,8109,2010-12-01 0:00:00,December 2010
419,2872,2010-12-01 0:00:00,December 2010
425,3173,2010-12-01 0:00:00,December 2010
426,4490,2010-12-01 0:00:00,December 2010
427,6536,2010-12-01 0:00:00,December 2010
453,5932,2010-12-01 0:00:00,December 2010
424,4489,2010-12-01 0:00:00,December 2010
423,4488,2010-12-01 0:00:00,December 2010
275,5626,2010-12-01 12:49:42,December 2010
331,9095,2010-12-03 11:51:33,August 2010
351,10794,2010-12-03 11:58:07,August 2010
417,2327,2010-12-08 16:54:06,December 2010
420,5706,2010-12-08 16:54:11,December 2010
313,10528,2010-12-14 12:09:37,August 2010
324,13102,2010-12-14 16:37:47,August 2010
422,4487,2010-12-16 16:37:08,December 2010
6,2584,2010-12-17 14:26:51,December 2010
300,4217,2010-12-23 14:08:39,July 2010
27,6681,2010-12-23 14:13:34,December 2010
314,4220,2010-12-23 14:14:17,August 2010
309,4219,2010-12-23 14:15:57,July 2010
342,2592,2010-12-23 14:19:40,August 2010
316,13097,2010-12-23 14:25:30,July 2010
428,6535,2010-12-23 16:12:44,December 2010
97,10531,2010-12-29 9:28:52,August 2010
235,2948,2010-12-29 9:38:31,August 2010
443,13115,2011-01-01 0:00:00,January 2011
457,5485,2011-01-01 0:00:00,January 2011
456,2819,2011-01-01 0:00:00,January 2011
432,4493,2011-01-01 0:00:00,January 2011
433,4494,2011-01-01 0:00:00,January 2011
430,4492,2011-01-01 0:00:00,January 2011
434,4495,2011-01-01 0:00:00,January 2011
435,4496,2011-01-01 0:00:00,January 2011
437,4498,2011-01-01 0:00:00,January 2011
438,5652,2011-01-01 0:00:00,January 2011
439,4499,2011-01-01 0:00:00,January 2011
440,4500,2011-01-01 0:00:00,January 2011
442,5360,2011-01-01 0:00:00,January 2011
445,2238,2011-01-01 0:00:00,January 2011
449,4501,2011-01-01 0:00:00,January 2011
450,5901,2011-01-01 0:00:00,January 2011
451,5415,2011-01-01 0:00:00,January 2011
452,5381,2011-01-01 0:00:00,January 2011
454,5371,2011-01-01 0:00:00,January 2011
429,3171,2011-01-01 0:00:00,January 2011
458,6646,2011-01-01 0:00:00,January 2011
446,6818,2011-01-01 0:00:00,January 2011
431,6526,2011-01-04 14:51:53,January 2011
436,4497,2011-01-06 14:16:47,January 2011
441,7937,2011-01-06 16:32:59,January 2011
444,9523,2011-01-12 12:51:33,January 2011
447,2237,2011-01-12 12:51:36,January 2011
448,2235,2011-01-12 12:51:37,January 2011
455,5317,2011-01-19 16:39:06,January 2011
475,6978,2011-02-01 0:00:00,February 2011
474,4282,2011-02-01 0:00:00,February 2011
460,7182,2011-02-01 0:00:00,February 2011
484,13122,2011-02-01 0:00:00,February 2011
462,6498,2011-02-01 0:00:00,February 2011
463,9059,2011-02-01 0:00:00,February 2011
464,9058,2011-02-01 0:00:00,February 2011
465,9057,2011-02-01 0:00:00,February 2011
466,9055,2011-02-01 0:00:00,February 2011
469,4206,2011-02-01 0:00:00,February 2011
470,4277,2011-02-01 0:00:00,February 2011
471,4278,2011-02-01 0:00:00,February 2011
472,4279,2011-02-01 0:00:00,February 2011
473,4280,2011-02-01 0:00:00,February 2011
482,13121,2011-02-01 0:00:00,February 2011
485,13123,2011-02-01 0:00:00,February 2011
488,13126,2011-02-01 0:00:00,February 2011
459,6979,2011-02-01 0:00:00,February 2011
461,11131,2011-02-03 14:30:42,February 2011
468,6738,2011-02-03 16:36:48,February 2011
467,4469,2011-02-04 16:48:26,February 2011
234,13084,2011-02-14 10:44:28,February 2011
476,13116,2011-02-17 17:37:43,February 2011
478,13118,2011-02-17 17:37:46,February 2011
479,10497,2011-02-18 13:53:00,February 2011
481,13120,2011-02-28 17:01:35,February 2011
483,10442,2011-02-28 17:01:39,February 2011
487,13125,2011-02-28 17:01:44,February 2011
489,13127,2011-02-28 17:01:46,February 2011
490,13128,2011-02-28 17:04:27,February 2011
500,2780,2011-03-01 0:00:00,March 2011
509,13132,2011-03-01 0:00:00,March 2011
545,13135,2011-03-01 0:00:00,March 2011
571,7719,2011-03-01 0:00:00,March 2011
572,10171,2011-03-01 0:00:00,March 2011
570,8177,2011-03-01 0:00:00,March 2011
494,2456,2011-03-01 0:00:00,March 2011
495,9056,2011-03-01 0:00:00,March 2011
501,7870,2011-03-01 0:00:00,March 2011
502,9049,2011-03-01 0:00:00,March 2011
503,9050,2011-03-01 0:00:00,March 2011
504,9051,2011-03-01 0:00:00,March 2011
505,9053,2011-03-01 0:00:00,March 2011
506,7743,2011-03-01 0:00:00,March 2011
492,2589,2011-03-01 0:00:00,March 2011
496,2510,2011-03-01 0:00:00,March 2011
491,13129,2011-03-02 17:12:52,March 2011
497,13131,2011-03-11 16:59:49,March 2011
498,2232,2011-03-15 14:46:54,March 2011
499,2781,2011-03-18 13:38:13,March 2011
493,10573,2011-03-18 13:48:54,March 2011
540,3000,2011-04-01 0:00:00,April 2011
543,6548,2011-04-01 0:00:00,April 2011
542,2180,2011-04-01 0:00:00,April 2011
520,7676,2011-04-01 0:00:00,April 2011
533,10571,2011-04-01 0:00:00,April 2011
518,3889,2011-04-01 0:00:00,April 2011
546,3977,2011-04-01 0:00:00,April 2011
544,9753,2011-04-01 0:00:00,April 2011
548,5436,2011-04-01 0:00:00,April 2011
557,6529,2011-04-01 0:00:00,April 2011
523,4379,2011-04-01 0:00:00,April 2011
573,8539,2011-04-01 0:00:00,April 2011
547,6493,2011-04-01 0:00:00,April 2011
508,2787,2011-04-01 0:00:00,April 2011
556,3086,2011-04-01 0:00:00,April 2011
507,4642,2011-04-01 0:00:00,April 2011
536,2776,2011-04-01 0:00:00,April 2011
574,8580,2011-04-01 0:00:00,April 2011
510,1871,2011-04-11 14:42:07,April 2011
511,7152,2011-04-13 15:53:55,April 2011
512,10654,2011-04-13 15:53:56,April 2011
513,10656,2011-04-13 15:53:57,April 2011
514,10649,2011-04-13 15:53:58,April 2011
515,10659,2011-04-13 15:53:59,April 2011
516,10658,2011-04-13 15:54:00,April 2011
517,10572,2011-04-13 15:54:01,April 2011
519,7918,2011-04-14 15:17:18,April 2011
521,8355,2011-04-14 15:17:20,April 2011
524,13133,2011-04-14 15:17:23,April 2011
525,8028,2011-04-14 16:42:42,April 2011
527,7895,2011-04-14 16:42:44,April 2011
528,8343,2011-04-14 16:46:06,April 2011
529,2949,2011-04-19 11:10:54,April 2011
522,7644,2011-04-19 13:42:15,April 2011
530,2788,2011-04-22 11:18:40,April 2011
531,4665,2011-04-22 11:18:41,April 2011
532,7736,2011-04-25 16:41:23,April 2011
534,13134,2011-04-25 16:41:25,April 2011
535,4028,2011-04-25 16:41:26,April 2011
526,4372,2011-04-27 16:56:04,April 2011
538,3074,2011-04-28 12:06:47,April 2011
539,5426,2011-04-28 12:06:48,April 2011
537,2436,2011-04-28 18:17:22,April 2011
541,6505,2011-04-29 10:22:14,April 2011
555,4727,2011-05-01 0:00:00,May 2011
549,7815,2011-05-23 12:27:44,May 2011
550,8782,2011-05-23 12:27:45,May 2011
551,7601,2011-05-23 17:10:35,May 2011
552,10372,2011-05-23 17:10:36,May 2011
553,10482,2011-05-23 17:10:38,May 2011
554,10311,2011-05-23 17:10:39,May 2011
576,2996,2011-06-01 0:00:00,June 2011
575,9201,2011-06-01 0:00:00,June 2011
142,2916,2011-06-03 12:19:52,June 2011
143,2919,2011-06-03 12:22:12,June 2011
558,13139,2011-06-09 9:51:57,June 2011
559,4309,2011-06-09 14:34:52,June 2011
560,10591,2011-06-14 13:41:35,June 2011
561,2926,2011-06-14 13:41:36,June 2011
562,5410,2011-06-14 13:41:37,June 2011
563,4524,2011-06-14 13:41:39,June 2011
564,6634,2011-06-14 13:41:40,June 2011
565,5490,2011-06-14 13:41:42,June 2011
566,2521,2011-06-14 13:41:43,June 2011
341,3274,2011-06-14 14:00:21,August 2010
350,4669,2011-06-16 11:58:28,August 2010
567,13140,2011-06-17 10:54:59,June 2011
569,9923,2011-06-21 12:17:00,June 2011
257,13086,2011-06-23 16:01:06,July 2020
146,2915,2011-06-23 16:22:40,June 2011
568,8571,2011-06-23 16:35:26,June 2011
577,4000,2011-06-30 12:32:41,June 2011
592,8549,2011-07-01 0:00:00,July 2011
353,6953,2011-07-05 10:58:16,August 2010
352,7093,2011-07-05 11:01:19,August 2010
336,29,2011-07-05 14:21:14,August 2010
343,2329,2011-07-05 14:21:14,August 2010
578,7064,2011-07-05 15:22:57,July 2011
580,6214,2011-07-06 16:26:58,July 2011
26,8574,2011-07-08 14:56:51,July 2011
581,5500,2011-07-11 11:34:42,July 2011
579,10892,2011-07-13 11:13:07,July 2011
582,10199,2011-07-26 18:12:48,July 2011
111,3139,2011-07-27 16:04:59,July 2011
583,2810,2011-07-27 16:25:58,July 2011
584,8562,2011-07-28 15:38:51,July 2011
585,8609,2011-07-28 15:38:53,July 2011
586,8610,2011-07-28 15:38:54,July 2011
587,8563,2011-07-29 16:44:04,July 2011
588,8575,2011-07-29 16:44:05,July 2011
589,1908,2011-07-29 19:00:44,July 2011
590,13141,2011-07-29 22:48:50,July 2011
599,8986,2011-08-01 0:00:00,August 2011
600,13142,2011-08-01 0:00:00,August 2011
601,13143,2011-08-01 0:00:00,August 2011
603,13145,2011-08-01 0:00:00,August 2011
604,13146,2011-08-01 0:00:00,August 2011
607,3020,2011-08-01 0:00:00,August 2011
608,10832,2011-08-01 0:00:00,August 2011
609,9383,2011-08-01 0:00:00,August 2011
610,10068,2011-08-01 0:00:00,August 2011
611,8578,2011-08-01 0:00:00,August 2011
612,10828,2011-08-01 0:00:00,August 2011
986,6122,2011-08-01 0:00:00,August 2011
591,3200,2011-08-02 17:58:03,August 2011
593,8612,2011-08-03 18:40:56,August 2011
594,3211,2011-08-04 21:51:52,August 2011
597,3153,2011-08-05 16:52:54,August 2011
598,9190,2011-08-25 22:18:39,August 2011
605,4478,2011-09-01 20:42:59,September 2011
606,8538,2011-09-07 20:03:38,September 2011
613,4077,2011-10-19 2:50:16,October 2011
616,4196,2011-10-19 2:50:19,October 2011
617,2409,2011-10-19 2:50:20,October 2011
615,2495,2011-10-19 2:50:22,October 2011
618,7874,2011-10-22 0:11:24,October 2011
619,8397,2011-10-22 3:37:48,October 2011
620,13147,2011-10-25 15:16:18,October 2011
621,4259,2011-11-01 0:00:00,November 2011
622,4141,2011-11-01 0:00:00,November 2011
628,11258,2011-11-01 0:00:00,November 2011
623,4314,2011-11-02 20:12:41,November 2011
624,2661,2011-11-04 15:29:00,November 2011
625,4140,2011-11-10 20:25:17,November 2011
626,2740,2011-11-11 16:44:23,November 2011
627,7130,2011-11-30 23:39:21,November 2011
629,8964,2011-12-13 18:00:05,December 2011
630,6856,2011-12-15 19:31:17,December 2011
631,2118,2011-12-15 21:49:50,December 2011
632,10673,2011-12-15 21:49:51,December 2011
633,10678,2011-12-15 21:49:52,December 2011
634,8618,2011-12-15 21:49:54,December 2011
635,10676,2011-12-15 21:49:55,December 2011
636,8631,2011-12-21 17:56:59,December 2011
637,8551,2011-12-21 17:57:01,December 2011
638,8630,2011-12-21 17:57:02,December 2011
639,8566,2011-12-21 17:57:03,December 2011
640,8629,2011-12-21 17:57:05,December 2011
641,8543,2011-12-21 18:17:33,December 2011
642,8596,2011-12-22 20:44:40,December 2011
643,8617,2011-12-22 20:44:42,December 2011
644,8603,2011-12-22 20:44:43,December 2011
645,8584,2011-12-22 20:44:44,December 2011
646,8616,2011-12-22 20:44:46,December 2011
647,13148,2011-12-23 18:52:47,December 2011
648,13149,2011-12-23 18:52:49,December 2011
649,11432,2011-12-23 18:52:50,December 2011
650,13150,2011-12-23 18:52:51,December 2011
651,10827,2011-12-27 22:27:26,December 2011
652,4986,2011-12-27 22:27:28,December 2011
653,4987,2011-12-27 22:27:29,December 2011
654,13151,2011-12-27 22:27:30,December 2011
655,13152,2011-12-27 22:27:32,December 2011
656,4659,2011-12-28 21:32:20,December 2011
657,9601,2011-12-28 21:32:22,December 2011
814,11427,2012-01-01 0:00:00,January 2012
658,9062,2012-01-12 22:15:29,January 2012
659,10413,2012-01-13 17:10:54,January 2012
844,5099,2012-03-01 0:00:00,March 2012
661,5871,2012-03-12 17:43:00,March 2012
663,13157,2012-03-20 19:06:08,March 2012
664,8567,2012-03-20 19:06:17,March 2012
662,8625,2012-03-20 19:06:25,March 2012
665,9985,2012-03-26 17:25:12,March 2012
668,2784,2012-04-19 17:37:04,April 2012
669,9712,2012-04-19 17:37:06,April 2012
670,8633,2012-05-01 23:42:13,May 2012
671,8585,2012-05-01 23:42:15,May 2012
672,8600,2012-05-01 23:42:17,May 2012
673,8583,2012-05-01 23:42:19,May 2012
674,8624,2012-05-01 23:42:21,May 2012
679,9546,2012-05-07 19:32:49,May 2012
676,13163,2012-05-07 19:32:50,May 2012
678,10422,2012-05-07 19:32:52,May 2012
677,13162,2012-05-07 19:32:53,May 2012
680,13164,2012-06-04 18:50:56,June 2012
681,13165,2012-06-04 18:50:59,June 2012
682,6670,2012-06-26 20:49:17,June 2012
683,6667,2012-06-26 20:49:19,June 2012
684,3062,2012-06-26 20:49:21,June 2012
685,3061,2012-06-26 20:49:22,June 2012
686,8860,2012-06-26 20:49:23,June 2012
687,2527,2012-06-26 20:49:25,June 2012
688,8861,2012-06-26 20:49:26,June 2012
689,5791,2012-07-19 19:28:53,July 2012
690,10412,2012-07-19 19:28:55,July 2012
691,9213,2012-07-19 19:28:56,July 2012
692,2506,2012-07-19 19:28:58,July 2012
693,2758,2012-07-19 19:28:59,July 2012
694,2943,2012-07-19 19:29:01,July 2012
695,9525,2012-07-26 16:44:10,July 2012
696,3758,2012-07-26 16:44:12,July 2012
697,1930,2012-07-26 16:44:14,July 2012
698,10452,2012-07-26 16:44:15,July 2012
699,10462,2012-07-26 16:44:16,July 2012
700,10470,2012-07-26 16:44:17,July 2012
701,5164,2012-07-31 15:49:11,July 2012
702,9884,2012-07-31 15:49:12,July 2012
703,5166,2012-07-31 15:49:14,July 2012
704,8536,2012-07-31 15:49:15,July 2012
705,11487,2012-07-31 15:49:16,July 2012
706,11488,2012-07-31 15:49:18,July 2012
707,11491,2012-07-31 15:49:19,July 2012
708,11426,2012-07-31 15:49:20,July 2012
709,11489,2012-07-31 15:49:47,July 2012
751,5897,2012-08-01 0:00:00,August 2012
788,11443,2012-08-01 0:00:00,August 2012
789,7559,2012-08-01 0:00:00,August 2012
790,12906,2012-08-01 0:00:00,August 2012
710,11866,2012-08-16 18:22:36,August 2012
711,9355,2012-08-16 18:22:38,August 2012
712,3712,2012-09-05 15:29:53,September 2012
713,3708,2012-09-05 15:29:55,September 2012
714,1575,2012-09-05 15:29:57,September 2012
716,2755,2012-09-05 15:29:58,September 2012
717,3134,2012-09-05 15:30:03,September 2012
718,3730,2012-09-05 15:30:05,September 2012
719,3733,2012-09-05 15:30:09,September 2012
720,6419,2012-09-05 15:30:10,September 2012
721,3734,2012-09-05 15:30:12,September 2012
722,3735,2012-09-05 15:30:13,September 2012
723,3738,2012-09-05 15:30:15,September 2012
724,3739,2012-09-05 15:30:19,September 2012
715,9873,2012-09-05 15:30:20,September 2012
725,13166,2012-09-05 15:30:22,September 2012
726,13167,2012-09-05 15:30:23,September 2012
727,9593,2012-09-18 15:56:06,September 2012
728,13169,2012-09-18 15:56:08,September 2012
729,13170,2012-09-18 15:56:09,September 2012
730,11490,2012-09-18 15:56:11,September 2012
731,9622,2012-09-18 15:56:12,September 2012
732,2845,2012-09-18 15:56:14,September 2012
733,11883,2012-09-18 15:56:15,September 2012
734,13171,2012-09-18 17:27:16,September 2012
735,13173,2012-09-18 19:18:15,September 2012
736,11444,2012-10-16 15:51:41,October 2012
738,5041,2012-10-17 18:11:40,October 2012
739,5044,2012-10-17 18:11:46,October 2012
740,11445,2012-10-17 18:11:49,October 2012
741,13174,2012-10-17 18:11:52,October 2012
742,4125,2012-10-17 18:11:57,October 2012
743,4221,2012-10-17 18:12:00,October 2012
744,4222,2012-10-17 18:12:02,October 2012
745,4223,2012-10-17 18:12:04,October 2012
614,2931,2012-10-19 0:00:00,October 2012
752,5479,2012-10-26 21:46:04,October 2012
753,5889,2012-10-26 21:46:05,October 2012
754,8069,2012-10-26 21:46:07,October 2012
755,7105,2012-10-26 21:46:08,October 2012
756,6731,2012-10-26 21:46:10,October 2012
757,6622,2012-10-26 21:46:11,October 2012
758,6760,2012-10-26 21:46:13,October 2012
759,4607,2012-10-26 21:46:14,October 2012
760,8184,2012-10-26 21:46:16,October 2012
761,4720,2012-10-26 21:46:17,October 2012
762,3769,2012-10-26 21:46:19,October 2012
763,6025,2012-10-26 21:46:20,October 2012
764,5910,2012-10-26 21:46:22,October 2012
765,3080,2012-10-26 21:46:23,October 2012
766,2974,2012-10-26 21:46:24,October 2012
750,4228,2013-01-01 0:00:00,January 2013
896,7294,2013-01-01 0:00:00,January 2013
772,11435,2013-01-07 21:01:00,January 2013
773,9588,2013-01-07 21:01:02,January 2013
774,10093,2013-01-14 18:22:07,January 2013
775,5801,2013-01-14 18:22:10,January 2013
776,2662,2013-01-15 17:34:54,January 2013
777,3753,2013-01-15 17:34:56,January 2013
778,3064,2013-01-15 21:10:12,January 2013
779,13175,2013-01-15 21:10:14,January 2013
780,6099,2013-01-15 21:10:15,January 2013
781,3296,2013-01-15 21:10:16,January 2013
782,13176,2013-01-15 21:10:18,January 2013
783,13177,2013-01-15 21:10:19,January 2013
784,6045,2013-01-16 17:18:00,January 2013
785,7170,2013-01-16 17:18:03,January 2013
786,7171,2013-01-16 17:18:04,January 2013
787,7172,2013-01-16 17:18:05,January 2013
791,13178,2013-02-20 17:31:30,February 2013
792,5048,2013-02-25 18:44:59,February 2013
793,5078,2013-02-25 18:45:02,February 2013
794,5024,2013-02-25 18:45:03,February 2013
795,9589,2013-02-25 18:45:06,February 2013
796,9203,2013-02-25 18:45:08,February 2013
799,2399,2013-02-26 22:12:24,February 2013
798,2392,2013-02-26 22:12:26,February 2013
797,1852,2013-02-26 22:12:27,February 2013
800,13179,2013-02-26 22:12:29,February 2013
801,2393,2013-02-26 22:12:30,February 2013
802,13180,2013-02-27 15:44:05,February 2013
804,10169,2013-03-15 18:12:33,March 2013
805,2441,2013-03-15 18:12:36,March 2013
806,6037,2013-03-15 18:12:38,March 2013
807,7945,2013-03-15 18:12:39,March 2013
808,10957,2013-03-25 20:31:33,March 2013
809,1564,2013-03-25 20:31:34,March 2013
810,6729,2013-03-25 20:31:36,March 2013
811,6635,2013-03-25 20:31:37,March 2013
812,6185,2013-03-25 20:31:39,March 2013
813,9929,2013-03-29 16:32:48,March 2013
815,11632,2013-03-29 16:32:51,March 2013
816,11731,2013-03-29 16:32:52,March 2013
817,13181,2013-03-29 16:32:53,March 2013
124,5999,2013-04-01 0:00:00,April 2013
818,11569,2013-04-22 19:17:30,April 2013
819,11575,2013-04-22 19:17:32,April 2013
820,13168,2013-04-22 19:17:33,April 2013
821,3049,2013-04-22 19:17:34,April 2013
822,1903,2013-04-22 19:17:35,April 2013
147,3006,2013-05-01 0:00:00,May 2013
803,3307,2013-05-01 0:00:00,May 2013
823,2029,2013-05-03 18:41:30,May 2013
824,1831,2013-05-03 18:41:33,May 2013
825,6010,2013-05-03 19:38:28,May 2013
826,5790,2013-05-03 20:11:40,May 2013
827,13186,2013-05-03 20:31:21,May 2013
828,6491,2013-05-03 21:07:41,May 2013
829,6895,2013-05-03 21:07:42,May 2013
830,7767,2013-05-14 20:58:42,May 2013
831,13187,2013-05-14 21:11:00,May 2013
832,13188,2013-05-15 17:36:54,May 2013
833,3010,2013-05-15 18:43:30,May 2013
834,8975,2013-05-15 19:22:52,May 2013
835,9052,2013-05-15 19:51:26,May 2013
836,1901,2013-06-03 20:05:39,June 2013
837,1902,2013-06-03 20:05:41,June 2013
838,9703,2013-06-03 20:05:43,June 2013
839,13195,2013-06-03 20:05:44,June 2013
840,13182,2013-06-03 20:05:45,June 2013
841,6788,2013-06-06 15:18:35,June 2013
842,3107,2013-06-18 13:42:08,June 2013
843,11603,2013-06-19 8:51:51,June 2013
845,5115,2013-06-19 8:51:55,June 2013
846,5117,2013-06-19 8:51:56,June 2013
847,13196,2013-07-01 9:10:37,July 2013
848,9513,2013-07-03 11:07:01,July 2013
849,13191,2013-07-03 11:07:06,July 2013
850,13190,2013-07-03 11:07:08,July 2013
851,13189,2013-07-03 11:07:09,July 2013
852,9935,2013-07-03 11:07:11,July 2013
853,9158,2013-10-02 7:52:32,October 2013
854,13197,2013-10-03 13:02:41,October 2013
855,10457,2013-10-03 13:02:43,October 2013
856,5338,2013-12-09 9:09:13,December 2013
857,3957,2013-12-16 9:48:47,December 2013
858,6393,2013-12-16 9:48:50,December 2013
859,4359,2013-12-18 12:47:43,December 2013
860,2181,2013-12-18 12:47:44,December 2013
861,6161,2013-12-18 12:47:46,December 2013
862,6502,2013-12-20 13:39:52,December 2013
863,6928,2013-12-20 13:39:56,December 2013
864,6198,2013-12-23 9:55:22,December 2013
865,6929,2013-12-23 9:55:26,December 2013
867,7876,2013-12-23 9:55:30,December 2013
868,7877,2013-12-23 11:58:54,December 2013
874,10202,2014-01-02 13:34:15,January 2014
869,7169,2014-01-02 13:34:17,January 2014
870,11417,2014-01-02 13:34:18,January 2014
871,8459,2014-01-02 13:34:20,January 2014
872,2730,2014-01-02 13:34:21,January 2014
873,5328,2014-01-02 13:34:25,January 2014
875,1628,2014-01-07 7:30:49,January 2014
876,10857,2014-01-07 7:30:54,January 2014
877,2330,2014-01-07 11:50:02,January 2014
878,6935,2014-01-07 11:50:04,February 2014
879,6940,2014-01-07 11:50:06,January 2014
880,5121,2014-01-15 13:30:20,January 2014
881,5120,2014-01-15 13:30:22,January 2014
882,5122,2014-01-15 13:30:24,January 2014
883,2504,2014-01-15 13:30:26,January 2014
884,13198,2014-01-16 9:27:36,January 2014
885,10623,2014-01-22 9:14:26,January 2014
886,4224,2014-01-22 9:15:01,January 2014
887,4225,2014-01-22 9:15:05,January 2014
889,4227,2014-01-22 9:15:11,January 2014
890,2997,2014-01-24 11:20:57,January 2014
891,2483,2014-01-24 12:59:24,January 2014
892,13199,2014-01-24 12:59:26,January 2014
893,2578,2014-01-24 12:59:28,January 2014
894,2577,2014-01-24 13:41:16,January 2014
895,7232,2014-02-27 15:46:08,February 2014
898,8079,2014-03-03 13:42:25,March 2014
899,2896,2014-03-03 13:42:26,March 2014
900,6668,2014-03-28 10:01:06,March 2014
901,13205,2014-04-09 7:25:54,April 2014
902,13206,2014-04-09 7:26:00,April 2014
903,6580,2014-04-11 11:55:13,April 2014
904,9693,2014-04-11 11:55:15,April 2014
905,4380,2014-04-11 11:55:18,April 2014
906,4163,2014-04-11 11:55:20,April 2014
907,10394,2014-04-14 8:53:27,April 2014
181,2774,2014-05-01 0:00:00,May 2014
988,9287,2014-05-01 0:00:00,May 2014
908,11299,2014-05-08 12:55:46,May 2014
909,3906,2014-05-09 12:04:39,May 2014
910,7523,2014-05-09 12:04:43,May 2014
911,3907,2014-05-09 12:04:46,May 2014
912,7040,2014-05-09 12:49:56,May 2014
913,5349,2014-05-20 9:53:54,May 2014
914,5849,2014-05-20 10:48:58,May 2014
916,3762,2014-05-20 14:08:02,May 2014
917,7775,2014-05-20 14:08:05,May 2014
915,13217,2014-05-22 8:51:51,May 2014
660,7442,2014-06-01 0:00:00,June 2014
918,13220,2014-06-09 13:21:11,June 2014
919,13221,2014-06-09 13:22:09,June 2014
920,13222,2014-06-10 7:56:15,June 2014
921,12785,2014-06-16 8:48:03,June 2014
228,2340,2014-07-01 0:00:00,July 2014
286,5408,2014-07-01 0:00:00,July 2014
287,7512,2014-07-01 0:00:00,July 2014
888,10644,2014-07-01 0:00:00,July 2014
922,10548,2014-07-16 20:46:59,July 2014
944,8650,2014-08-01 0:00:00,August 2014
943,8651,2014-08-01 0:00:00,August 2014
923,3902,2014-09-08 11:25:48,September 2014
924,3903,2014-09-08 11:25:51,September 2014
925,3904,2014-09-08 11:25:52,September 2014
927,13202,2014-09-08 16:56:37,September 2014
926,7069,2014-09-08 16:56:38,September 2014
930,2469,2014-09-09 14:00:32,September 2014
929,13201,2014-09-09 14:00:33,September 2014
928,13203,2014-09-09 14:00:34,September 2014
931,13225,2014-09-16 13:26:05,September 2014
934,11003,2014-09-22 16:27:43,April 2014
933,10146,2014-09-22 16:27:45,April 2014
932,13204,2014-09-22 16:27:46,September 2014
935,13226,2014-10-07 14:31:59,October 2014
940,5927,2014-10-30 11:32:48,October 2014
941,12264,2014-10-30 11:32:49,October 2014
942,12340,2014-10-30 11:32:51,October 2014
939,5928,2014-10-30 11:32:52,October 2014
938,5926,2014-10-30 11:32:53,October 2014
937,10898,2014-10-30 11:32:54,October 2014
936,5924,2014-10-30 11:32:55,October 2014
946,13227,2014-10-31 11:56:00,October 2014
945,5151,2014-10-31 11:56:01,October 2014
947,5159,2014-10-31 15:46:56,October 2014
948,13228,2014-10-31 15:46:57,October 2014
949,13229,2014-10-31 15:46:59,October 2014
959,13238,2014-11-01 0:00:00,November 2014
960,13239,2014-11-01 0:00:00,November 2014
962,13241,2014-11-01 0:00:00,November 2014
963,13242,2014-11-01 0:00:00,November 2014
958,13237,2014-11-01 0:00:00,November 2014
957,13236,2014-11-01 0:00:00,November 2014
956,13235,2014-11-01 0:00:00,November 2014
955,13234,2014-11-01 0:00:00,November 2014
954,13233,2014-11-01 0:00:00,November 2014
952,5997,2014-11-24 16:28:33,November 2014
953,13232,2014-11-24 16:28:35,November 2014
951,13231,2014-11-24 16:28:37,November 2014
950,13230,2014-11-24 16:28:38,November 2014
961,13240,2014-12-02 15:32:05,December 2014
965,2665,2014-12-04 15:16:42,December 2014
964,10878,2014-12-04 15:16:44,December 2014
966,9690,2014-12-15 13:46:22,December 2014
969,6147,2014-12-19 11:30:33,December 2014
968,620,2014-12-19 11:30:34,December 2014
967,61,2014-12-19 11:30:37,December 2014
973,6134,2014-12-19 13:17:11,December 2014
972,6578,2014-12-19 13:17:13,December 2014
971,2606,2014-12-19 13:17:14,December 2014
970,2561,2014-12-19 13:17:16,December 2014
241,6257,2015-01-01 0:00:00,January 2015
974,9394,2015-01-01 0:00:00,January 2015
975,1869,2015-02-12 11:53:02,February 2015
977,7718,2015-02-26 14:10:08,February 2015
976,6412,2015-03-01 0:00:00,March 2015
978,5795,2015-03-03 14:38:25,March 2015
979,12405,2015-04-08 17:03:35,April 2015
980,6721,2015-04-08 17:03:35,April 2015
981,6138,2015-04-10 15:36:42,April 2015
982,7551,2015-04-21 12:02:01,April 2015
987,13425,2015-05-04 15:41:48,May 2015
989,13426,2015-05-05 14:44:42,May 2015
991,13428,2015-05-05 15:22:17,May 2015
990,13427,2015-05-05 15:22:18,May 2015
996,3191,2015-05-19 13:36:14,May 2015
997,4327,2015-05-19 13:36:15,May 2015
998,3208,2015-05-19 13:36:16,May 2015
995,3189,2015-05-19 13:36:17,May 2015
999,1974,2015-05-19 13:36:17,May 2015
994,3204,2015-05-19 13:36:18,May 2015
992,2314,2015-05-19 13:36:19,May 2015
993,3194,2015-05-19 13:36:19,May 2015
1000,7545,2015-05-26 17:10:50,May 2015
1001,13429,2015-05-28 13:57:45,May 2015
1002,13430,2015-05-28 14:43:03,May 2015
1003,13431,2015-05-28 15:28:03,May 2015
1004,13432,2015-05-28 15:59:05,May 2015
1005,13433,2015-05-28 16:25:43,May 2015
1006,13434,2015-05-28 17:03:53,May 2015
1007,13435,2015-05-29 13:24:14,May 2015
1009,13437,2015-06-02 15:58:23,June 2015
1008,13436,2015-06-02 15:58:24,June 2015
1010,13438,2015-06-02 16:25:54,June 2015
1011,13439,2015-06-02 17:21:29,June 2015
1012,13440,2015-06-04 11:19:24,June 2015
1013,13441,2015-06-04 11:58:21,June 2015
1014,13442,2015-06-04 12:48:25,June 2015
1015,13443,2015-06-04 15:20:59,June 2015
1016,13444,2015-06-05 11:49:26,June 2015
1017,13445,2015-06-05 12:08:06,June 2015
1018,13446,2015-06-05 15:32:08,June 2015
1019,13447,2015-06-05 17:03:34,June 2015
1020,13448,2015-06-05 17:03:35,June 2015
1021,13449,2015-06-12 15:46:31,June 2015
1022,13450,2015-06-12 16:16:39,June 2015
1023,13451,2015-06-12 16:35:31,June 2015
1024,4302,2015-06-16 12:55:39,June 2015
1025,3188,2015-06-16 15:19:17,June 2015
1028,13454,2015-06-16 17:57:55,June 2015
1029,13455,2015-06-16 17:57:55,June 2015
1027,13453,2015-06-16 17:57:56,June 2015
1026,13452,2015-06-16 17:57:57,June 2015
1030,7272,2015-08-24 16:05:33,August 2015
1031,4358,2015-09-10 11:35:46,September 2015
1032,3989,2015-10-27 13:54:47,October 2015
1035,10633,2015-11-03 16:45:48,November 2015
1036,4249,2015-11-03 16:45:49,November 2015
1037,10753,2015-11-03 16:45:49,November 2015
1034,10613,2015-11-03 16:45:50,November 2015
1038,10742,2015-11-03 16:45:50,November 2015
1033,7348,2015-11-03 16:45:51,November 2015
1040,6336,2016-01-08 10:50:34,January 2016
1041,6337,2016-01-08 10:50:35,January 2016
1042,6338,2016-01-08 10:50:35,January 2016
1043,6339,2016-01-08 10:50:36,January 2016
1039,6335,2016-01-08 10:50:37,January 2016
1047,4080,2016-01-15 16:28:24,January 2016
1048,9442,2016-01-15 16:28:25,January 2016
1045,2640,2016-01-15 16:28:26,January 2016
1046,2639,2016-01-15 16:28:26,January 2016
1044,5326,2016-01-15 16:28:27,January 2016
1053,6345,2016-01-22 16:14:57,January 2016
1051,6343,2016-01-22 16:14:58,January 2016
1050,6342,2016-01-22 16:14:59,January 2016
1052,6344,2016-01-22 16:14:59,January 2016
1049,6341,2016-01-22 16:15:00,January 2016
1058,9333,2016-01-29 14:03:43,January 2016
1057,11798,2016-01-29 14:03:44,January 2016
1055,3072,2016-01-29 14:03:45,January 2016
1056,13507,2016-01-29 14:03:45,January 2016
1054,6346,2016-01-29 14:03:46,January 2016
1071,6334,2016-02-01 0:00:00,February 2016
1070,6350,2016-02-01 0:00:00,February 2016
1059,6348,2016-02-04 17:24:50,February 2016
1060,6349,2016-02-04 17:24:50,February 2016
1061,2423,2016-02-05 11:21:17,February 2016
1062,13509,2016-02-05 11:21:18,February 2016
1063,13510,2016-02-06 14:48:35,February 2016
1064,13511,2016-02-10 16:34:12,February 2016
1065,13512,2016-02-10 16:34:13,February 2016
1069,13515,2016-02-11 10:36:55,February 2016
1067,13513,2016-02-11 10:36:57,February 2016
1068,13514,2016-02-11 10:36:57,February 2016
1066,2336,2016-02-16 12:03:54,February 2016
1072,13502,2016-02-16 12:03:55,February 2016
1074,13516,2016-02-16 12:04:05,February 2016
1075,13517,2016-02-16 12:04:06,February 2016
1076,13518,2016-02-16 12:04:06,February 2016
1073,7581,2016-02-16 12:04:07,February 2016
1081,13523,2016-02-24 14:39:52,February 2016
1079,13521,2016-02-24 14:39:53,February 2016
1080,13522,2016-02-24 14:39:53,February 2016
1078,13520,2016-02-24 14:39:54,February 2016
1077,13519,2016-02-24 14:39:55,February 2016
1082,2720,2016-03-02 16:15:51,March 2016
1084,13527,2016-03-02 16:15:51,March 2016
1086,7582,2016-03-02 16:15:52,March 2016
1083,6499,2016-03-02 16:15:53,March 2016
1085,13528,2016-03-02 16:15:53,March 2016
1089,6331,2016-03-11 15:24:36,March 2016
1090,13533,2016-03-11 15:24:36,March 2016
1091,13532,2016-03-11 15:24:37,March 2016
1092,11972,2016-03-11 15:24:38,March 2013
1088,13531,2016-03-11 15:24:39,March 2016
1087,7681,2016-03-11 15:24:40,March 2016
1096,13537,2016-03-18 15:45:05,March 2016
1097,13538,2016-03-18 15:45:05,March 2016
1098,13539,2016-03-18 15:45:06,March 2016
1093,13534,2016-03-18 15:45:07,March 2016
1094,13535,2016-03-18 15:45:07,March 2016
1095,13536,2016-03-23 15:18:13,March 2016
1099,10415,2016-03-23 15:18:14,March 2016
1100,10414,2016-03-23 15:18:15,March 2016
1101,7613,2016-03-24 12:18:41,March 2016
1103,12100,2016-03-31 15:12:24,March 2016
1102,13540,2016-03-31 15:12:25,March 2016
1105,13542,2016-03-31 16:53:09,March 2016
1104,13541,2016-03-31 16:53:10,March 2016
1106,13543,2016-03-31 16:53:10,March 2016
1109,4301,2016-04-07 14:28:29,April 2016
1110,6568,2016-04-07 14:28:30,April 2016
1108,6567,2016-04-07 14:28:31,April 2016
1111,6892,2016-04-07 14:28:31,April 2016
1107,13544,2016-04-07 14:28:32,April 2016
1114,13547,2016-04-15 14:49:33,April 2016
1115,6333,2016-04-15 14:49:34,April 2016
1113,13546,2016-04-15 14:49:35,April 2016
1116,6332,2016-04-15 14:49:35,April 2016
1112,13545,2016-04-15 14:49:36,April 2016
1118,6353,2016-04-22 16:06:01,April 2016
1119,8474,2016-04-22 16:06:01,April 2016
1120,13548,2016-04-22 16:06:02,April 2016
1121,13549,2016-04-22 16:06:02,April 2016
1117,9171,2016-04-22 16:06:03,April 2016
1125,8892,2016-05-04 16:40:32,May 2016
1126,11277,2016-05-04 16:40:33,May 2016
1124,11279,2016-05-04 16:40:34,May 2016
1123,11245,2016-05-04 16:40:35,May 2016
1122,11246,2016-05-04 16:40:36,May 2016
1131,8126,2016-05-13 16:09:59,May 2016
1130,5331,2016-05-13 16:10:00,May 2016
1129,3109,2016-05-13 16:10:01,May 2016
1127,13550,2016-05-13 16:10:02,May 2016
1128,11278,2016-05-13 16:10:02,May 2016
1132,2973,2016-05-20 11:10:25,May 2016
1135,8754,2016-05-20 12:50:22,May 2016
1134,12865,2016-05-20 12:50:23,May 2016
1133,13558,2016-05-20 12:50:24,May 2016
1139,13561,2016-05-26 17:56:14,May 2016
1140,13562,2016-05-26 17:56:15,May 2016
1138,5641,2016-05-26 17:56:16,May 2016
1136,13559,2016-05-26 17:56:17,May 2016
1137,13560,2016-05-26 17:56:17,May 2016
1145,276,2016-06-03 11:49:48,June 2016
1144,7521,2016-06-03 11:49:49,June 2016
1142,13564,2016-06-03 11:49:50,June 2016
1143,7462,2016-06-03 11:49:50,June 2016
1141,13563,2016-06-03 11:49:51,June 2016
1146,9572,2016-06-08 14:34:38,June 2016
1147,11796,2016-06-10 14:16:37,June 2016
1148,11790,2016-06-10 14:16:38,June 2016
1150,2987,2016-06-13 11:05:42,June 2016
1149,4177,2016-06-13 11:05:44,June 2016
1151,8753,2016-06-14 11:55:04,June 2016
1153,5313,2016-06-15 13:01:02,June 2016
1152,6395,2016-06-15 13:01:03,June 2016
1157,6779,2016-06-24 14:05:27,June 2016
1156,5985,2016-06-24 14:05:28,June 2016
1154,2434,2016-06-24 14:05:29,June 2016
1155,2427,2016-06-24 14:05:29,June 2016
1159,6982,2016-07-01 12:28:25,July 2016
1158,6801,2016-07-01 12:28:26,July 2016
1160,13566,2016-07-21 11:26:40,July 2016
1161,7641,2016-08-17 15:16:18,August 2016
1162,13572,2016-08-17 15:16:19,August 2016
1163,13574,2016-09-15 15:14:22,September 2016
1164,8757,2016-09-23 13:10:18,September 2016
1166,9305,2016-10-19 16:23:50,October 2016
1165,13583,2016-10-19 16:23:51,October 2016
1167,7162,2016-11-04 11:34:14,November 2016
1168,11285,2016-11-08 15:00:57,November 2016
1169,13588,2016-11-29 11:49:00,November 2016
233,13083,2017-01-01 0:00:00,September 2017
263,13088,2017-01-01 0:00:00,September 2017
327,13105,2017-01-01 0:00:00,September 2017
1170,10018,2017-01-18 13:47:36,January 2017
1171,10546,2017-03-07 17:04:48,March 2017
1172,2339,2017-03-15 10:21:37,March 2017
1173,10561,2017-06-01 9:29:06,June 2017
1174,10579,2017-06-23 16:35:27,June 2017
1175,10168,2017-07-12 3:09:18,July 2017
1176,5803,2017-07-26 10:19:10,July 2017
1177,7326,2017-09-13 13:31:53,September 2017
1178,2854,2017-09-14 15:24:22,September 2017
1179,6874,2017-09-18 11:43:10,September 2017
1180,7732,2017-09-26 12:12:07,September 2017
1181,6351,2017-10-10 19:31:15,October 2017
1182,10480,2017-11-14 15:30:17,November 2017
1183,6470,2017-11-29 15:19:43,November 2017
274,13091,2017-12-01 0:00:00,December 2017
477,13117,2017-12-01 0:00:00,December 2017
480,13119,2017-12-01 0:00:00,December 2017
1184,2419,2017-12-01 20:23:34,December 2017
1185,2791,2017-12-12 14:48:43,December 2017
1186,7565,2017-12-12 14:48:44,December 2017
1187,13596,2017-12-14 19:55:13,December 2017
737,10373,2018-01-01 0:00:00,January 2018
1188,1639,2018-01-05 20:13:18,January 2018
897,13183,2018-02-01 0:00:00,February 2018
1193,3152,2018-02-14 16:38:36,February 2018
1191,13598,2018-02-14 16:38:38,February 2018
1192,3770,2018-02-14 16:38:43,February 2018
1189,13597,2018-02-14 16:38:46,February 2018
1190,9172,2018-02-14 16:38:46,February 2018
1194,13611,2018-03-07 17:55:15,March 2018
1195,10835,2018-03-14 21:47:54,March 2018
1196,13612,2018-03-26 15:41:53,March 2018
1197,13613,2018-03-29 13:26:16,March 2018
1198,13614,2018-04-04 21:26:47,April 2018
1199,13615,2018-04-09 13:42:15,April 2018
1200,13616,2018-04-09 13:42:17,April 2018
1201,6009,2018-06-18 17:13:35,June 2018
1202,13617,2018-07-03 14:32:30,July 2018
1203,11056,2018-07-13 12:29:18,July 2018
1204,9361,2018-07-26 15:16:08,July 2018
1205,5693,2018-10-29 18:40:44,October 2018
1206,7113,2018-11-16 21:28:58,November 2018
1207,6275,2018-12-18 15:20:57,December 2018
1208,10811,2019-01-16 19:34:04,January 2019
1209,10280,2019-02-13 15:42:03,February 2019
1210,4086,2019-02-28 16:16:31,February 2019
1211,5527,2019-03-27 16:31:59,March 2019
1212,9585,2019-04-08 15:37:11,April 2019
1213,9945,2019-07-30 14:11:25,July 2019
1214,11741,2019-07-30 14:11:26,July 2019
1215,23,2019-08-09 16:36:54,August 2019
1216,9574,2019-08-27 19:31:53,August 2019
1217,6678,2019-11-06 21:27:45,November 2019
1218,10908,2019-11-07 17:08:02,November 2019
1219,10900,2019-11-08 17:05:41,November 2019
1220,10911,2019-11-08 20:24:55,November 2019
1221,10970,2019-11-15 17:07:57,November 2019
1222,10980,2019-11-20 17:37:55,November 2019
1223,10961,2019-11-20 21:05:05,November 2019
1224,13627,2019-11-21 18:00:44,November 2019
1225,13631,2019-11-25 14:23:30,November 2019
1227,10982,2019-11-25 16:47:12,November 2019
1226,10981,2019-11-25 16:47:13,November 2019
1228,13628,2019-12-05 14:02:29,December 2019
1229,3736,2019-12-10 22:48:45,December 2019
1230,10699,2019-12-20 20:23:57,December 2019
1232,13634,2019-12-23 18:07:08,December 2019
1231,13633,2019-12-23 18:07:09,December 2019
1233,3660,2020-01-06 20:35:42,January 2019
1234,13635,2020-01-07 16:05:53,January 2020
1235,13636,2020-01-07 17:04:07,January 2020
1236,13638,2020-01-08 17:40:45,January 2020
1237,13642,2020-01-08 17:40:45,January 2020
1238,6374,2020-01-10 17:19:55,January 2020
1239,4622,2020-01-17 16:44:41,January 2020
1240,6733,2020-02-24 18:07:12,February 2020
1241,5386,2020-02-28 17:18:13,February 2020
1243,5820,2020-03-30 17:28:00,March 2020
1244,6441,2020-03-30 19:17:52,March 2020
1246,5822,2020-03-31 15:42:05,March 2020
1245,7090,2020-03-31 15:42:09,March 2020
1247,1370,2020-05-11 14:41:10,May 2020
1248,13648,2020-05-27 12:17:34,May 2020
1249,5312,2020-06-12 19:24:20,June 2020
1250,8354,2020-07-03 19:29:32,July 2020
1251,7473,2020-07-08 17:15:06,July 2020
1252,13650,2020-07-13 16:24:56,July 2020
1253,12838,2020-07-16 13:41:49,July 2020
1254,7305,2020-07-22 20:23:22,July 2020
1255,9594,2020-07-29 19:06:43,July 2020
1256,13652,2020-08-11 16:15:16,August 2020
1257,13655,2020-08-14 15:28:31,August 2020
1259,5306,2020-10-08 15:57:37,October 2020
1260,11183,2020-10-20 15:04:15,October 2020
1261,10617,2020-10-29 19:35:34,October 2020
1262,8730,2020-11-12 19:58:52,November 2020
596,12547,2021-01-01 0:00:00,January 2021
1263,11231,2021-01-10 15:58:41,January 2021
1264,2882,2021-01-14 22:15:35,January 2021
1265,12180,2021-02-02 20:22:10,February 2021
1266,7929,2021-02-15 20:37:47,February 2021
1267,6194,2021-02-16 15:54:18,February 2021
1268,7007,2021-03-10 18:04:05,March 2021
1269,13666,2021-03-16 15:25:43,March 2021
1270,13654,2021-03-16 18:55:09,March 2021
1271,13659,2021-04-06 19:43:21,April 2021
1272,5824,2021-04-08 18:38:50,April 2021
1273,13653,2021-04-21 14:39:05,April 2021
486,13124,2021-06-01 0:00:00,June 2021
1274,9301,2021-06-02 13:03:47,June 2021
1275,5894,2021-06-05 16:00:17,June 2021
1276,3955,2021-06-07 16:43:36,June 2021
1279,4820,2021-06-07 19:26:47,June 2021
1278,12553,2021-06-07 19:26:52,June 2021
1277,13677,2021-06-07 19:26:57,June 2021
1281,12741,2021-06-08 15:42:45,June 2021
1280,13679,2021-06-08 15:42:47,June 2021
1282,11385,2021-06-14 22:13:52,June 2021
1283,13683,2021-06-21 15:09:27,June 2021
1284,8906,2021-06-28 20:10:10,June 2021
1286,13684,2021-06-28 20:10:11,June 2021
1285,2541,2021-06-28 20:10:13,June 2021
1287,13686,2021-06-30 2:25:18,June 2021
1288,7881,2021-06-30 2:25:20,June 2021
1290,9983,2021-07-01 18:51:30,July 2021
1289,7882,2021-07-01 18:51:32,July 2021
1291,2162,2021-07-07 18:26:29,July 2021
1292,13687,2021-07-14 15:10:45,July 2021
1293,13688,2021-07-16 18:40:44,"July, 2021"
1294,3266,2021-07-26 19:45:39,July 2021
1295,13689,2021-07-27 15:07:16,July 2021
1296,13692,2021-08-11 18:33:17,August 2021
1297,12839,2021-08-14 20:43:48,August 2021
1299,13694,2021-08-31 20:40:06,August 2021
1298,13693,2021-08-31 20:40:07,August 2021
1300,9761,2021-09-28 18:02:11,September 2021
1301,13462,2021-11-22 15:17:51,November 2021
1302,13697,2021-12-14 17:03:25,December 2021
1303,1659,2022-01-19 19:15:18,January 2022
1304,3485,2022-02-22 16:08:04,February 2022
1305,13698,2022-02-23 16:01:48,February 2022
1306,8,2022-03-03 19:28:35,March 2022
1307,13699,2022-03-04 19:36:51,March 2022
1308,13700,2022-03-04 20:18:29,March 2022
1309,9343,2022-03-04 20:45:38,March 2022
1310,13701,2022-03-04 21:19:25,March 2022
1312,13702,2022-03-07 17:22:54,March 2022
1313,13703,2022-03-07 17:22:56,March 2022
1311,11290,2022-03-07 17:22:57,March 2022
1314,13704,2022-03-07 17:22:58,March 2022
1315,13706,2022-03-22 19:23:36,March 2022
1316,5805,2022-03-22 20:24:13,March 2022
1317,8507,2022-05-02 19:10:30,May 2022
1318,12500,2022-05-05 14:47:21,May 2022
1319,13707,2022-05-05 18:53:23,May 2022
1321,12743,2022-05-09 15:35:03,May 2022
1320,2069,2022-05-09 15:35:05,May 2022
1322,12742,2022-05-09 15:35:06,May 2022
1323,9047,2022-06-01 19:29:40,May 2022
1324,12171,2022-06-01 19:29:41,June 2022
1325,2418,2022-06-15 13:26:31,June 2022
1326,13718,2022-06-27 15:29:25,June 2022
1328,13720,2022-06-27 15:29:25,June 2022
1327,13719,2022-06-27 15:29:26,June 2022
1329,13721,2022-06-27 15:29:27,June 2022
1330,10355,2022-06-28 16:51:07,June 2022
1332,13723,2022-06-30 19:42:44,June 2022
1333,13724,2022-06-30 19:42:48,June 2022
1331,13722,2022-06-30 19:42:51,June 2022
1334,9289,2022-06-30 20:05:17,June 2022
1335,13625,2022-06-30 20:46:09,June 2022
1336,13725,2022-06-30 21:01:11,June 2022
1340,13731,2022-07-01 0:00:00,July 2022
1339,7525,2022-07-26 16:36:39,July 2022
1338,12403,2022-07-26 16:36:40,July 2022
1337,6076,2022-07-26 16:36:41,July 2022
1343,8156,2022-11-02 11:50:27,November 2022
1342,13738,2022-11-02 11:50:28,November 2022
1341,13737,2022-11-02 11:50:29,November 2022
1344,13740,2022-11-17 16:57:12,November 2022
1346,13744,2022-12-01 13:21:50,December 2022
1347,13747,2023-01-10 22:35:12,January 2023
1349,13749,2023-01-10 22:35:13,January 2023
1350,13750,2023-01-10 22:35:13,January 2023
1348,13748,2023-01-10 22:35:14,January 2023
1351,13773,2023-01-20 16:14:33,January 2023
1352,7297,2023-03-01 16:00:06,March 2023
1353,3822,2023-03-13 20:04:10,March 2023
1354,13745,2023-03-20 16:18:27,March 2023
1355,13805,2023-03-22 20:03:09,March 2023
1356,13788,2023-03-23 19:32:13,March 2023
1357,13787,2023-03-23 19:55:43,March 2023
1358,13803,2023-03-23 20:23:24,March 2023
1359,13794,2023-03-23 20:47:21,March 2023
1360,12479,2023-03-24 16:18:44,March 2023
1361,13809,2023-04-12 18:28:56,April 2023
1364,13249,2023-04-20 19:48:35,April 2023
1363,10203,2023-04-20 19:48:38,April 2023
1362,12745,2023-04-20 19:48:39,April 2023
1366,13797,2023-04-24 15:57:37,April 2023
1368,13796,2023-04-24 15:57:39,April 2023
1367,13795,2023-04-24 15:57:41,April 2023
1365,13246,2023-04-24 15:57:42,April 2023
1369,13708,2023-05-11 13:36:28,May 2023
1370,13810,2023-05-12 15:48:00,May 2023
1371,2945,2023-05-18 14:48:52,May 2023
1372,11158,2023-06-05 22:00:34,June 2023
1375,12613,2023-06-05 22:00:34,June 2023
1373,13806,2023-06-05 22:00:36,June 2023
1377,13798,2023-06-05 22:00:38,June 2023
1374,13793,2023-06-05 22:00:39,June 2023
1376,13647,2023-06-05 22:00:39,June 2023
1379,13789,2023-06-06 15:03:29,June 2023
1380,4310,2023-06-06 15:03:29,June 2023
1378,13248,2023-06-06 15:03:30,June 2023
1381,13811,2023-06-07 20:07:23,June 2023
1382,13812,2023-06-15 13:03:24,June 2023
1383,13690,2023-06-15 16:15:34,June 2023
1384,12981,2023-06-16 20:01:01,June 2023
1388,8454,2023-06-21 14:05:25,June 2023
1386,8456,2023-06-21 14:05:26,June 2023
1387,8455,2023-06-21 14:05:26,June 2023
1385,13815,2023-06-21 14:05:27,June 2023
1389,1721,2023-07-06 14:51:48,July 2023
1390,1719,2023-07-06 14:51:48,July 2023
1391,1720,2023-07-06 14:51:49,July 2023
1392,3627,2023-07-07 20:46:23,July 2023
1393,13816,2023-07-18 21:15:32,July 2023
1394,12439,2023-08-01 19:18:48,August 2023
1397,13791,2023-08-14 17:23:03,August 2023
1396,13790,2023-08-14 17:23:04,August 2023
1395,13817,2023-08-14 17:23:06,August 2023
1398,11428,2023-08-17 15:55:11,August 2023
1399,13819,2023-08-24 16:00:17,August 2023
1401,10319,2023-08-24 16:00:18,August 2023
1400,10320,2023-08-24 16:00:21,August 2023
1402,13820,2023-08-25 16:54:31,August 2023
1403,8972,2023-08-30 16:53:34,August 2023
1408,13825,2023-08-31 16:29:12,August 2023
1407,13824,2023-08-31 16:29:15,August 2023
1406,13823,2023-08-31 16:29:18,August 2023
1404,13821,2023-08-31 16:29:19,August 2023
1405,13822,2023-08-31 16:29:19,August 2023
1409,2424,2023-09-08 21:15:16,September 2023
1410,13828,2023-10-17 16:26:13,October 2023
1411,11437,2023-10-19 12:37:49,October 2023
1412,13836,2023-10-23 19:01:27,October 2023
1416,13840,2023-10-23 19:01:31,October 2023
1418,13842,2023-10-23 19:01:35,October 2023
1417,13841,2023-10-23 19:01:40,October 2023
1415,13839,2023-10-23 19:01:44,October 2023
1414,13838,2023-10-23 19:01:46,October 2023
1413,13837,2023-10-23 19:01:49,October 2023
1419,13843,2023-10-27 14:51:42,October 2023
1420,9895,2023-11-06 20:48:56,November 2023
1421,13850,2023-11-14 15:17:03,November 2023
1422,4691,2023-12-01 22:00:19,December 2023
1423,9105,2023-12-11 15:04:43,December 2023
1424,13853,2023-12-18 21:12:08,December 2023
1427,13856,2024-01-08 15:17:28,January 2024
1428,13857,2024-01-08 15:17:29,January 2024
1430,13859,2024-01-08 15:17:29,January 2024
1429,13858,2024-01-08 15:17:32,January 2024
1425,13855,2024-01-08 15:17:36,January 2024
1426,9764,2024-01-08 15:17:37,January 2024
1431,3436,2024-01-10 17:54:28,January 2024
1434,13861,2024-01-18 21:56:20,January 2024
1435,13862,2024-01-18 21:56:23,January 2024
1432,13860,2024-01-18 21:56:26,January 2024
1433,10647,2024-01-18 21:56:26,January 2024
1436,8592,2024-01-23 17:47:36,January 2024
1437,7254,2024-01-23 17:48:04,January 2024
1438,2992,2024-01-24 21:58:09,January 2024
1439,13863,2024-01-25 17:47:59,January 2024
1441,3417,2024-01-26 17:24:19,January 2024
1442,40,2024-01-26 21:00:43,January 2024
1445,13866,2024-01-29 22:07:40,January 2024
1444,13865,2024-01-29 22:08:03,January 2024
1447,13868,2024-01-29 22:08:15,January 2024
1446,13867,2024-01-29 22:08:22,January 2024
1443,13864,2024-01-29 22:08:34,January 2024
1448,13869,2024-02-02 20:44:25,February 2024
1449,13870,2024-02-05 18:21:32,February 2024
1450,9083,2024-02-06 15:13:37,February 2024
1451,10019,2024-02-12 19:20:30,February 2024
1440,12982,2024-02-12 19:37:36,February 2024
1452,13877,2024-02-20 20:53:41,February 2024
1453,13878,2024-02-20 20:53:41,February 2024
1454,13879,2024-03-05 15:59:49,March 2024
1455,2918,2024-03-11 14:50:56,March 2024
1456,13882,2024-04-10 15:03:52,April 2024
1457,13883,2024-04-15 20:23:50,April 2024
1458,13884,2024-04-24 12:43:20,April 2024
1459,13885,2024-05-24 14:07:48,May 2024
1460,12980,2024-05-28 21:22:26,May 2024
1461,13888,2024-06-18 16:02:49,June 2024